name,sex,frequency,year,percentage,rank,overall_rank,overall_percentage
John,M,9655,1880,8.7383,1,1,4.8148
William,M,9532,1880,8.627,2,2,4.7458
Mary,F,7065,1880,7.7642,1,3,3.5199
James,M,5927,1880,5.3643,3,4,2.9526
Charles,M,5348,1880,4.8403,4,5,2.6598
George,M,5126,1880,4.6393,5,6,2.557
Anna,F,2604,1880,2.8617,2,9,1.2984
Emma,F,2003,1880,2.2012,3,15,0.9991
Elizabeth,F,1939,1880,2.1309,4,16,0.9668
Minnie,F,1746,1880,1.9188,5,18,0.871
John,F,46,1880,0.0506,229,1,4.8148
William,F,30,1880,0.033,287,2,4.7458
Mary,M,27,1880,0.0244,332,3,3.5199
James,F,22,1880,0.0242,344,4,2.9526
Charles,F,11,1880,0.0121,520,5,2.6598
John,M,8768,1881,8.704,1,1,4.5639
William,M,8524,1881,8.4618,2,2,4.4393
Mary,F,6919,1881,7.5245,1,3,3.6058
James,M,5441,1881,5.4013,3,4,2.8362
George,M,4664,1881,4.63,4,5,2.4361
Charles,M,4636,1881,4.6022,5,6,2.4148
Anna,F,2698,1881,2.9341,2,8,1.4085
Emma,F,2034,1881,2.212,3,14,1.0603
Elizabeth,F,1852,1881,2.0141,4,16,0.9611
Margaret,F,1658,1881,1.8031,5,18,0.8651
George,F,30,1881,0.0326,286,5,2.4361
William,F,30,1881,0.0326,289,2,4.4393
Mary,M,29,1881,0.0288,301,3,3.6058
John,F,26,1881,0.0283,313,1,4.5639
James,F,24,1881,0.0261,330,4,2.8362
John,M,9557,1882,8.4065,1,1,4.3321
William,M,9298,1882,8.1787,2,2,4.2111
Mary,F,8148,1882,7.5551,1,3,3.6915
James,M,5892,1882,5.1827,3,4,2.6678
George,M,5193,1882,4.5678,4,5,2.3586
Charles,M,5091,1882,4.4781,5,6,2.3085
Anna,F,3143,1882,2.9143,2,8,1.4188
Emma,F,2303,1882,2.1354,3,14,1.0427
Elizabeth,F,2186,1882,2.0269,4,16,0.9899
Minnie,F,2004,1882,1.8582,5,17,0.9091
John,F,40,1882,0.0371,278,1,4.3321
George,F,32,1882,0.0297,314,5,2.3586
William,F,31,1882,0.0287,322,2,4.2111
Mary,M,30,1882,0.0264,314,3,3.6915
James,F,18,1882,0.0167,438,4,2.6678
John,M,8894,1883,8.5008,1,1,4.1181
William,M,8387,1883,8.0162,2,2,3.8844
Mary,F,8012,1883,7.1331,1,3,3.7078
James,M,5223,1883,4.9921,3,4,2.419
Charles,M,4826,1883,4.6127,4,5,2.2328
George,M,4736,1883,4.5266,5,6,2.1932
Anna,F,3306,1883,2.9433,2,7,1.5313
Emma,F,2367,1883,2.1074,3,11,1.0943
Elizabeth,F,2255,1883,2.0076,4,14,1.0454
Minnie,F,2035,1883,1.8118,5,17,0.9445
John,F,40,1883,0.0356,279,1,4.1181
William,F,40,1883,0.0356,281,2,3.8844
Mary,M,32,1883,0.0306,292,3,3.7078
James,F,25,1883,0.0223,367,4,2.419
Charles,F,18,1883,0.016,452,5,2.2328
John,M,9388,1884,8.2033,1,1,3.8725
Mary,F,9217,1884,7.1439,1,2,3.8006
William,M,8897,1884,7.7742,2,3,3.6683
James,M,5693,1884,4.9746,3,4,2.3519
George,M,4961,1884,4.3349,4,5,2.0541
Charles,M,4802,1884,4.196,5,6,1.9802
Anna,F,3860,1884,2.9918,2,7,1.5937
Emma,F,2587,1884,2.0051,3,10,1.0663
Elizabeth,F,2549,1884,1.9757,4,12,1.0536
Minnie,F,2243,1884,1.7385,5,17,0.9213
George,F,40,1884,0.031,307,5,2.0541
John,F,40,1884,0.031,309,1,3.8725
Mary,M,36,1884,0.0315,293,2,3.8006
William,F,34,1884,0.0264,340,3,3.6683
James,F,33,1884,0.0256,343,4,2.3519
Mary,F,9128,1885,6.8603,1,1,3.8056
John,M,8756,1885,8.1225,1,2,3.6541
William,M,8044,1885,7.462,2,3,3.3535
James,M,5175,1885,4.8006,3,4,2.1594
George,M,4674,1885,4.3358,4,5,1.9526
Charles,M,4599,1885,4.2663,5,6,1.9194
Anna,F,3994,1885,3.0018,2,7,1.6666
Emma,F,2728,1885,2.0503,3,9,1.1384
Elizabeth,F,2582,1885,1.9406,4,10,1.0758
Margaret,F,2204,1885,1.6565,5,16,0.9196
John,F,45,1885,0.0338,297,2,3.6541
Mary,M,38,1885,0.0353,271,1,3.8056
William,F,33,1885,0.0248,353,3,3.3535
George,F,29,1885,0.0218,384,5,1.9526
James,F,26,1885,0.0195,408,4,2.1594
Mary,F,9889,1886,6.842,1,1,3.8858
John,M,9026,1886,8.1475,1,2,3.554
William,M,8252,1886,7.4488,2,3,3.2458
James,M,5355,1886,4.8338,3,4,2.1088
George,M,4671,1886,4.2164,4,5,1.8444
Charles,M,4533,1886,4.0918,5,6,1.7841
Anna,F,4283,1886,2.9633,2,7,1.6834
Emma,F,2764,1886,1.9124,3,9,1.0869
Elizabeth,F,2680,1886,1.8542,4,10,1.054
Minnie,F,2372,1886,1.6411,5,14,0.9322
John,F,48,1886,0.0332,300,2,3.554
George,F,38,1886,0.0263,349,5,1.8444
William,F,35,1886,0.0242,364,3,3.2458
Mary,M,32,1886,0.0289,305,1,3.8858
James,F,29,1886,0.0201,403,4,2.1088
Mary,F,9888,1887,6.7735,1,1,4.0159
John,M,8110,1887,7.9972,1,2,3.3008
William,M,7470,1887,7.3661,2,3,3.0373
James,M,4768,1887,4.7017,3,4,1.935
George,M,4284,1887,4.2244,4,5,1.7454
Anna,F,4227,1887,2.8956,2,6,1.7139
Charles,M,4031,1887,3.9749,5,7,1.6427
Elizabeth,F,2681,1887,1.8365,3,9,1.0894
Emma,F,2647,1887,1.8132,4,10,1.0756
Margaret,F,2419,1887,1.6571,5,12,0.9831
John,F,56,1887,0.0384,286,2,3.3008
Mary,M,47,1887,0.0463,237,1,4.0159
William,F,44,1887,0.0301,323,3,3.0373
George,F,34,1887,0.0233,369,5,1.7454
James,F,19,1887,0.013,518,4,1.935
Mary,F,11754,1888,6.5804,1,1,3.9416
John,M,9247,1888,7.6515,1,2,3.1051
William,M,8705,1888,7.203,2,3,2.9208
James,M,5562,1888,4.6023,3,4,1.8723
Anna,F,4982,1888,2.7891,2,5,1.6723
George,M,4912,1888,4.0645,4,6,1.6522
Charles,M,4591,1888,3.7989,5,7,1.5424
Elizabeth,F,3224,1888,1.8049,3,9,1.0806
Emma,F,3087,1888,1.7282,4,10,1.0365
Margaret,F,2904,1888,1.6258,5,12,0.9734
John,F,52,1888,0.0291,333,2,3.1051
Mary,M,50,1888,0.0414,248,1,3.9416
James,F,45,1888,0.0252,359,4,1.8723
William,F,42,1888,0.0235,371,3,2.9208
Anna,M,26,1888,0.0215,360,5,1.6723
Mary,F,11648,1889,6.5304,1,1,4.0454
John,M,8548,1889,7.7302,1,2,2.9763
William,M,7772,1889,7.0284,2,3,2.7057
Anna,F,5062,1889,2.838,2,4,1.7598
James,M,5020,1889,4.5397,3,5,1.7463
George,M,4430,1889,4.0061,4,6,1.5477
Charles,M,4199,1889,3.7973,5,7,1.4629
Elizabeth,F,3058,1889,1.7145,3,8,1.0639
Margaret,F,2917,1889,1.6354,4,10,1.014
Emma,F,2884,1889,1.6169,5,11,1.0016
John,F,52,1889,0.0292,346,2,2.9763
William,F,46,1889,0.0258,357,3,2.7057
Mary,M,41,1889,0.0371,262,1,4.0454
James,F,26,1889,0.0146,492,5,1.7463
Anna,M,23,1889,0.0208,371,4,1.7598
Mary,F,12078,1890,6.3443,1,1,4.0189
John,M,8502,1890,7.6578,1,2,2.8394
William,M,7494,1890,6.7499,2,3,2.4977
Anna,F,5233,1890,2.7488,2,4,1.7429
James,M,5097,1890,4.5909,3,5,1.7021
George,M,4458,1890,4.0153,4,6,1.4914
Charles,M,4061,1890,3.6578,5,7,1.3573
Elizabeth,F,3112,1890,1.6347,3,8,1.0365
Margaret,F,3100,1890,1.6283,4,9,1.0335
Emma,F,2980,1890,1.5653,5,11,0.994
John,F,56,1890,0.0294,344,2,2.8394
Mary,M,35,1890,0.0315,293,1,4.0189
William,F,34,1890,0.0179,445,3,2.4977
James,F,33,1890,0.0173,452,5,1.7021
Anna,M,20,1890,0.018,405,4,1.7429
Mary,F,11704,1891,6.31,1,1,4.0963
John,M,7680,1891,7.5896,1,2,2.6944
William,M,6763,1891,6.6834,2,3,2.3766
Anna,F,5099,1891,2.7491,2,4,1.7839
James,M,4516,1891,4.4628,3,5,1.5861
George,M,3931,1891,3.8847,4,6,1.3793
Charles,M,3640,1891,3.5972,5,7,1.2799
Margaret,F,3065,1891,1.6525,3,8,1.0733
Elizabeth,F,3059,1891,1.6492,4,9,1.0692
Emma,F,2884,1891,1.5549,5,10,1.0106
William,F,50,1891,0.027,354,3,2.3766
John,F,44,1891,0.0237,379,2,2.6944
Mary,M,39,1891,0.0385,259,1,4.0963
James,F,31,1891,0.0167,464,5,1.5861
Anna,M,15,1891,0.0148,456,4,1.7839
Mary,F,13172,1892,6.2033,1,1,3.9543
John,M,9039,1892,7.4069,1,2,2.7194
William,M,7782,1892,6.3769,2,3,2.3405
Anna,F,5542,1892,2.61,2,4,1.6634
James,M,5398,1892,4.4233,3,5,1.6209
George,M,4760,1892,3.9005,4,6,1.4355
Charles,M,4319,1892,3.5391,5,7,1.3003
Elizabeth,F,3461,1892,1.6299,3,8,1.0375
Margaret,F,3435,1892,1.6177,4,9,1.0309
Ruth,F,3290,1892,1.5494,5,10,0.9875
John,F,54,1892,0.0254,363,2,2.7194
Mary,M,50,1892,0.041,251,1,3.9543
William,F,44,1892,0.0207,405,3,2.3405
James,F,22,1892,0.0104,605,5,1.6209
Anna,M,20,1892,0.0164,423,4,1.6634
Mary,F,12784,1893,6.0046,1,1,3.9478
John,M,8049,1893,7.1663,1,2,2.4937
William,M,7223,1893,6.4308,2,3,2.2308
Anna,F,5695,1893,2.6749,2,4,1.7563
James,M,5030,1893,4.4784,3,5,1.5537
George,M,4320,1893,3.8462,4,6,1.336
Charles,M,3723,1893,3.3147,5,7,1.1518
Ruth,F,3658,1893,1.7181,3,8,1.1285
Margaret,F,3565,1893,1.6745,4,9,1.1005
Elizabeth,F,3360,1893,1.5782,5,10,1.0368
John,F,61,1893,0.0287,343,2,2.4937
Mary,M,55,1893,0.049,232,1,3.9478
William,F,32,1893,0.015,486,3,2.2308
James,F,23,1893,0.0108,607,5,1.5537
Anna,M,17,1893,0.0151,449,4,1.7563
Mary,F,13151,1894,5.8994,1,1,3.8971
John,M,8237,1894,7.1151,1,2,2.4497
William,M,7274,1894,6.2833,2,3,2.1577
Anna,F,5565,1894,2.4964,2,4,1.649
James,M,5110,1894,4.414,3,5,1.5161
George,M,4365,1894,3.7705,4,6,1.2982
Charles,M,3788,1894,3.2721,5,7,1.1261
Margaret,F,3700,1894,1.6598,3,8,1.0969
Helen,F,3676,1894,1.649,4,9,1.0877
Elizabeth,F,3425,1894,1.5364,5,10,1.0142
John,F,60,1894,0.0269,362,2,2.4497
Mary,M,48,1894,0.0415,251,1,3.8971
William,F,34,1894,0.0153,493,3,2.1577
James,F,25,1894,0.0112,588,5,1.5161
Anna,M,20,1894,0.0173,421,4,1.649
Mary,F,13447,1895,5.7558,1,1,3.8442
John,M,8320,1895,7.0873,1,2,2.3876
William,M,7277,1895,6.1988,2,3,2.0845
Anna,F,5950,1895,2.5468,2,4,1.7002
James,M,5335,1895,4.5446,3,5,1.5295
George,M,4289,1895,3.6535,4,6,1.235
Helen,F,4023,1895,1.722,3,7,1.1509
Margaret,F,3931,1895,1.6826,4,8,1.1224
Charles,M,3633,1895,3.0947,5,9,1.0427
Elizabeth,F,3603,1895,1.5422,5,10,1.0313
John,F,61,1895,0.0261,360,2,2.3876
Mary,M,47,1895,0.04,261,1,3.8442
William,F,40,1895,0.0171,464,3,2.0845
James,F,34,1895,0.0146,506,5,1.5295
Anna,M,18,1895,0.0153,478,4,1.7002
Mary,F,13811,1896,5.8049,1,1,3.8793
John,M,8138,1896,6.8063,1,2,2.2905
William,M,7747,1896,6.4793,2,3,2.1794
Anna,F,5860,1896,2.463,2,4,1.644
James,M,5206,1896,4.3541,3,5,1.4641
Helen,F,4392,1896,1.846,3,6,1.2314
George,M,4286,1896,3.5846,4,7,1.2079
Margaret,F,4050,1896,1.7023,4,8,1.1352
Ruth,F,3905,1896,1.6413,5,9,1.0957
Charles,M,3639,1896,3.0435,5,10,1.0207
Mary,M,57,1896,0.0477,242,1,3.8793
John,F,50,1896,0.021,408,2,2.2905
William,F,44,1896,0.0185,439,3,2.1794
James,F,28,1896,0.0118,587,5,1.4641
Anna,M,17,1896,0.0142,502,4,1.644
Mary,F,13413,1897,5.7272,1,1,3.8841
John,M,7550,1897,6.6958,1,2,2.1893
William,M,7198,1897,6.3836,2,3,2.0838
Anna,F,5429,1897,2.3181,2,4,1.5702
James,M,5113,1897,4.5345,3,5,1.4823
Helen,F,4519,1897,1.9295,3,6,1.3071
Margaret,F,4146,1897,1.7703,4,7,1.1976
George,M,4078,1897,3.6166,4,8,1.1829
Ruth,F,3878,1897,1.6558,5,9,1.1235
Charles,M,3341,1897,2.963,5,12,0.9687
Mary,M,63,1897,0.0559,211,1,3.8841
John,F,46,1897,0.0196,433,2,2.1893
William,F,32,1897,0.0137,529,3,2.0838
James,F,30,1897,0.0128,543,5,1.4823
Anna,M,19,1897,0.0169,441,4,1.5702
Mary,F,14406,1898,5.5671,1,1,3.7897
John,M,8159,1898,6.6504,1,2,2.1533
William,M,7400,1898,6.0317,2,3,1.9507
Anna,F,5773,1898,2.2309,2,4,1.5215
James,M,5321,1898,4.3371,3,5,1.4025
Helen,F,5230,1898,2.0211,3,6,1.3755
George,M,4853,1898,3.9557,4,7,1.2856
Margaret,F,4696,1898,1.8147,4,8,1.2353
Ruth,F,4249,1898,1.642,5,9,1.1178
Charles,M,3557,1898,2.8993,5,12,0.9375
John,F,55,1898,0.0213,416,2,2.1533
Mary,M,50,1898,0.0408,251,1,3.7897
William,F,41,1898,0.0158,485,3,1.9507
Anna,M,31,1898,0.0253,346,4,1.5215
James,F,29,1898,0.0112,601,5,1.4025
Mary,F,13172,1899,5.6527,1,1,3.8976
John,M,6990,1899,6.5812,1,2,2.0723
William,M,6086,1899,5.7301,2,3,1.8008
Anna,F,5115,1899,2.1951,2,4,1.5146
Helen,F,5048,1899,2.1663,3,5,1.4928
James,M,4597,1899,4.3282,3,6,1.3631
Margaret,F,4249,1899,1.8234,4,7,1.2564
George,M,4018,1899,3.783,4,8,1.1942
Ruth,F,3912,1899,1.6788,5,9,1.1558
Charles,M,3147,1899,2.963,5,12,0.9345
Mary,M,50,1899,0.0471,236,1,3.8976
John,F,40,1899,0.0172,462,2,2.0723
William,F,23,1899,0.0099,663,3,1.8008
Anna,M,23,1899,0.0217,384,4,1.5146
Helen,M,16,1899,0.0151,491,5,1.4928
Mary,F,16705,1900,5.5723,1,1,3.7268
John,M,9828,1900,6.5314,1,2,2.193
William,M,8579,1900,5.7013,2,3,1.9151
James,M,7245,1900,4.8148,3,4,1.6182
Helen,F,6342,1900,2.1155,2,5,1.4125
Anna,F,6114,1900,2.0395,3,6,1.3634
George,M,5403,1900,3.5907,4,7,1.2086
Margaret,F,5304,1900,1.7693,4,8,1.1815
Ruth,F,4765,1900,1.5895,5,9,1.0618
Charles,M,4098,1900,2.7234,5,10,0.9164
Mary,M,75,1900,0.0498,232,1,3.7268
John,F,46,1900,0.0153,502,2,2.193
William,F,44,1900,0.0147,514,3,1.9151
James,F,41,1900,0.0137,526,4,1.6182
Helen,M,18,1900,0.012,591,5,1.4125
Mary,F,13136,1901,5.4883,1,1,3.8154
John,M,6900,1901,6.4809,1,2,2.0066
William,M,5990,1901,5.6262,2,3,1.7414
Helen,F,5247,1901,2.1922,2,4,1.5222
Anna,F,4923,1901,2.0569,3,5,1.4288
James,M,4735,1901,4.4474,3,6,1.3779
Margaret,F,4424,1901,1.8484,4,7,1.2854
Ruth,F,3974,1901,1.6604,5,8,1.1535
George,M,3609,1901,3.3898,4,9,1.0514
Charles,M,3049,1901,2.8638,5,14,0.8883
Mary,M,58,1901,0.0545,231,1,3.8154
John,F,39,1901,0.0163,485,2,2.0066
William,F,32,1901,0.0134,545,3,1.7414
Anna,M,18,1901,0.0169,454,5,1.4288
Helen,M,17,1901,0.016,478,4,1.5222
Mary,F,14486,1902,5.4856,1,1,3.7602
John,M,7907,1902,6.4463,1,2,2.0544
William,M,6617,1902,5.3946,2,3,1.7175
Helen,F,5967,1902,2.2596,2,4,1.5507
James,M,5592,1902,4.5589,3,5,1.4537
Anna,F,5288,1902,2.0025,3,6,1.3715
Margaret,F,5011,1902,1.8976,4,7,1.3014
Ruth,F,4384,1902,1.6601,5,8,1.138
George,M,4223,1902,3.4429,4,9,1.1002
Charles,M,3361,1902,2.7401,5,13,0.8755
Mary,M,56,1902,0.0457,249,1,3.7602
John,F,38,1902,0.0144,521,2,2.0544
James,F,30,1902,0.0114,607,5,1.4537
Helen,M,30,1902,0.0245,361,4,1.5507
William,F,25,1902,0.0095,687,3,1.7175
Mary,F,14275,1903,5.4491,1,1,3.7613
John,M,7608,1903,6.3809,1,2,2.0066
William,M,6311,1903,5.2931,2,3,1.6647
Helen,F,6129,1903,2.3396,2,4,1.6154
James,M,5479,1903,4.5953,3,5,1.4446
Anna,F,5098,1903,1.946,3,6,1.3421
Margaret,F,5045,1903,1.9258,4,7,1.3295
Ruth,F,4517,1903,1.7242,5,8,1.1884
George,M,3961,1903,3.3222,4,9,1.0462
Charles,M,3213,1903,2.6948,5,14,0.8478
Mary,M,63,1903,0.0528,230,1,3.7613
John,F,41,1903,0.0157,499,2,2.0066
William,F,35,1903,0.0134,557,3,1.6647
Helen,M,29,1903,0.0243,357,4,1.6154
James,F,28,1903,0.0107,636,5,1.4446
Mary,F,14961,1904,5.4332,1,1,3.7223
John,M,8108,1904,6.3283,1,2,2.0194
Helen,F,6488,1904,2.3562,2,3,1.6117
William,M,6416,1904,5.0077,2,4,1.5963
James,M,5855,1904,4.5699,3,5,1.4578
Anna,F,5330,1904,1.9356,3,6,1.325
Margaret,F,5302,1904,1.9255,4,7,1.319
Ruth,F,4900,1904,1.7795,5,8,1.2181
George,M,4219,1904,3.293,4,9,1.0521
Robert,M,3414,1904,2.6646,5,16,0.8494
Mary,M,58,1904,0.0453,252,1,3.7223
John,F,40,1904,0.0145,524,2,2.0194
James,F,27,1904,0.0098,675,5,1.4578
William,F,25,1904,0.0091,709,4,1.5963
Helen,M,15,1904,0.0117,597,3,1.6117
Mary,F,16067,1905,5.5096,1,1,3.8061
John,M,8059,1905,6.0912,1,2,1.9112
Helen,F,6811,1905,2.3356,2,3,1.6128
William,M,6495,1905,4.9091,2,4,1.5387
James,M,6042,1905,4.5667,3,5,1.4335
Margaret,F,5690,1905,1.9512,3,6,1.3453
Anna,F,5424,1905,1.86,4,7,1.2844
Ruth,F,5068,1905,1.7379,5,8,1.2002
George,M,4256,1905,3.2168,4,9,1.0115
Charles,M,3608,1905,2.727,5,14,0.8563
Mary,M,68,1905,0.0514,239,1,3.8061
John,F,43,1905,0.0147,521,2,1.9112
James,F,35,1905,0.012,590,5,1.4335
William,F,28,1905,0.0096,682,4,1.5387
Helen,M,26,1905,0.0197,426,3,1.6128
Mary,F,16370,1906,5.5436,1,1,3.8385
John,M,8264,1906,6.2063,1,2,1.9388
Helen,F,7176,1906,2.4301,2,3,1.6809
William,M,6566,1906,4.9311,2,4,1.539
Margaret,F,6096,1906,2.0644,3,5,1.4265
James,M,5908,1906,4.437,3,6,1.3876
Anna,F,5502,1906,1.8632,4,7,1.2872
Ruth,F,5140,1906,1.7406,5,8,1.2041
George,M,4201,1906,3.155,4,11,0.9875
Robert,M,3635,1906,2.7299,5,15,0.8521
Mary,M,76,1906,0.0571,225,1,3.8385
John,F,43,1906,0.0146,531,2,1.9388
William,F,28,1906,0.0095,706,4,1.539
Helen,M,26,1906,0.0195,433,3,1.6809
Margaret,M,16,1906,0.012,606,5,1.4265
Mary,F,17580,1907,5.5185,1,1,3.7925
John,M,8983,1907,6.1181,1,2,1.9442
Helen,F,7579,1907,2.3791,2,3,1.6328
William,M,6904,1907,4.7022,2,4,1.4897
Margaret,F,6713,1907,2.1073,3,6,1.4495
James,M,6707,1907,4.568,3,5,1.4508
Anna,F,5575,1907,1.75,4,7,1.2022
Ruth,F,5573,1907,1.7494,5,8,1.2007
George,M,4445,1907,3.0274,4,11,0.9646
Robert,M,4020,1907,2.7379,5,14,0.8685
Mary,M,70,1907,0.0477,252,1,3.7925
John,F,65,1907,0.0204,445,2,1.9442
James,F,45,1907,0.0141,540,5,1.4508
William,F,29,1907,0.0091,709,4,1.4897
Helen,M,20,1907,0.0136,548,3,1.6328
Mary,F,18665,1908,5.5831,1,1,3.8359
John,M,9343,1908,6.0536,1,2,1.9239
Helen,F,8439,1908,2.5243,2,3,1.7331
William,M,7529,1908,4.8783,2,4,1.55
James,M,7012,1908,4.5433,3,5,1.4415
Margaret,F,6976,1908,2.0867,3,6,1.4325
Ruth,F,6180,1908,1.8486,4,7,1.2688
Anna,F,5860,1908,1.7529,5,8,1.2013
George,M,4584,1908,2.9701,4,12,0.9465
Robert,M,4219,1908,2.7336,5,14,0.8687
Mary,M,79,1908,0.0512,236,1,3.8359
John,F,58,1908,0.0173,475,2,1.9239
William,F,45,1908,0.0135,562,4,1.55
James,F,32,1908,0.0096,684,5,1.4415
Helen,M,30,1908,0.0194,442,3,1.7331
Mary,F,19259,1909,5.5465,1,1,3.7829
John,M,9590,1909,5.8477,1,2,1.889
Helen,F,9250,1909,2.664,2,3,1.8164
William,M,7913,1909,4.8251,2,4,1.5547
James,M,7595,1909,4.6312,3,5,1.4958
Margaret,F,7358,1909,2.1191,3,6,1.4452
Ruth,F,6509,1909,1.8746,4,7,1.2765
Dorothy,F,6253,1909,1.8008,5,8,1.2282
George,M,4688,1909,2.8586,4,12,0.9243
Robert,M,4563,1909,2.7824,5,13,0.8975
Mary,M,80,1909,0.0488,248,1,3.7829
John,F,67,1909,0.0193,461,2,1.889
James,F,52,1909,0.015,525,5,1.4958
Helen,M,36,1909,0.022,412,3,1.8164
William,F,35,1909,0.0101,682,4,1.5547
Mary,F,22848,1910,5.7624,1,1,3.8846
John,M,11450,1910,5.8957,1,2,1.9532
Helen,F,10479,1910,2.6429,2,3,1.779
James,M,9194,1910,4.7341,2,4,1.5671
William,M,8844,1910,4.5539,3,5,1.5034
Margaret,F,8226,1910,2.0746,3,6,1.3978
Dorothy,F,7318,1910,1.8456,4,7,1.2429
Ruth,F,7212,1910,1.8189,5,8,1.2268
Robert,M,5609,1910,2.8881,4,12,0.9544
George,M,5441,1910,2.8016,5,13,0.9309
Mary,M,99,1910,0.051,238,1,3.8846
John,F,88,1910,0.0222,422,2,1.9532
James,F,63,1910,0.0159,518,4,1.5671
William,F,37,1910,0.0093,704,5,1.5034
Helen,M,30,1910,0.0154,517,3,1.779
Mary,F,24390,1911,5.8306,1,1,3.8008
John,M,13446,1911,5.9504,1,2,2.0975
Helen,F,11801,1911,2.8211,2,3,1.8388
William,M,10593,1911,4.6878,2,4,1.6519
James,M,9952,1911,4.4041,3,5,1.5554
Margaret,F,9279,1911,2.2182,3,6,1.4446
Dorothy,F,8869,1911,2.1202,4,7,1.3814
Ruth,F,8003,1911,1.9132,5,8,1.2467
George,M,6586,1911,2.9146,4,10,1.0301
Robert,M,6526,1911,2.888,5,11,1.019
Mary,M,98,1911,0.0434,262,1,3.8008
James,F,69,1911,0.0165,498,5,1.5554
John,F,68,1911,0.0163,505,2,2.0975
William,F,50,1911,0.012,609,4,1.6519
Helen,M,46,1911,0.0204,429,3,1.8388
Mary,F,32304,1912,5.788,1,1,3.2814
John,M,24588,1912,5.7189,1,2,2.4998
William,M,19626,1912,4.5648,2,3,1.9942
James,M,17644,1912,4.1038,3,4,1.7939
Helen,F,16133,1912,2.8906,2,5,1.6366
Robert,M,12836,1912,2.9855,4,6,1.3056
Dorothy,F,12645,1912,2.2656,3,7,1.284
Margaret,F,12536,1912,2.2461,4,8,1.2734
Joseph,M,12062,1912,2.8055,5,9,1.2252
Ruth,F,11280,1912,2.0211,5,11,1.146
Mary,M,118,1912,0.0274,350,1,3.2814
John,F,112,1912,0.0201,446,2,2.4998
James,F,81,1912,0.0145,545,4,1.7939
William,F,78,1912,0.014,554,3,1.9942
Helen,M,38,1912,0.0088,696,5,1.6366
Mary,F,36642,1913,5.867,1,1,3.2335
John,M,29329,1913,5.722,1,2,2.59
William,M,23538,1913,4.5922,2,3,2.0783
James,M,20832,1913,4.0643,3,4,1.8404
Helen,F,18888,1913,3.0243,2,5,1.6655
Robert,M,15684,1913,3.0599,4,6,1.3856
Dorothy,F,14674,1913,2.3496,3,7,1.2942
Margaret,F,14486,1913,2.3194,4,8,1.2773
Joseph,M,14471,1913,2.8233,5,9,1.276
Ruth,F,12609,1913,2.0189,5,12,1.1118
Mary,M,126,1913,0.0246,375,1,3.2335
John,F,122,1913,0.0195,449,2,2.59
James,F,95,1913,0.0152,524,4,1.8404
William,F,94,1913,0.0151,530,3,2.0783
Helen,M,51,1913,0.0099,623,5,1.6655
Mary,F,45346,1914,5.9542,1,1,3.2106
John,M,37947,1914,5.7955,1,2,2.6912
William,M,29753,1914,4.5441,2,3,2.1075
James,M,26262,1914,4.0109,3,4,1.8618
Helen,F,23221,1914,3.049,2,5,1.6433
Robert,M,21188,1914,3.236,4,6,1.5016
Joseph,M,18829,1914,2.8757,5,7,1.3343
Dorothy,F,18782,1914,2.4662,3,8,1.3289
Margaret,F,17763,1914,2.3324,4,9,1.2574
Ruth,F,15839,1914,2.0797,5,12,1.1215
John,F,169,1914,0.0222,408,2,2.6912
Mary,M,127,1914,0.0194,425,1,3.2106
James,F,107,1914,0.014,545,4,1.8618
William,F,97,1914,0.0127,576,3,2.1075
Helen,M,54,1914,0.0082,707,5,1.6433
Mary,F,58187,1915,5.9142,1,1,3.1841
John,M,47576,1915,5.6066,1,2,2.6073
William,M,38563,1915,4.5444,2,3,2.1115
James,M,33773,1915,3.98,3,4,1.8515
Helen,F,30866,1915,3.1373,2,5,1.6877
Robert,M,28737,1915,3.3865,4,6,1.5746
Dorothy,F,25154,1915,2.5567,3,7,1.3751
Margaret,F,23054,1915,2.3432,4,9,1.261
Joseph,M,23051,1915,2.7164,5,8,1.2617
Ruth,F,21878,1915,2.2237,5,12,1.1964
John,F,200,1915,0.0203,430,2,2.6073
Mary,M,159,1915,0.0187,430,1,3.1841
James,F,155,1915,0.0158,495,4,1.8515
William,F,129,1915,0.0131,569,3,2.1115
Helen,M,60,1915,0.0071,779,5,1.6877
Mary,F,61438,1916,5.883,1,1,3.1845
John,M,50043,1916,5.6223,1,2,2.5987
William,M,40418,1916,4.5409,2,3,2.0964
James,M,35568,1916,3.996,3,4,1.8473
Helen,F,32661,1916,3.1274,2,5,1.6927
Robert,M,31741,1916,3.5661,4,6,1.6472
Dorothy,F,27418,1916,2.6254,3,7,1.4211
Margaret,F,24953,1916,2.3894,4,8,1.2927
Joseph,M,23883,1916,2.6832,5,9,1.2386
Ruth,F,23189,1916,2.2205,5,12,1.2016
John,F,227,1916,0.0217,411,2,2.5987
James,F,166,1916,0.0159,508,4,1.8473
Mary,M,164,1916,0.0184,437,1,3.1845
William,F,136,1916,0.013,576,3,2.0964
Helen,M,83,1916,0.0093,643,5,1.6927
Mary,F,64280,1917,5.9449,1,1,3.2111
John,M,51852,1917,5.6027,1,2,2.5965
William,M,42422,1917,4.5838,2,3,2.1222
James,M,37338,1917,4.0344,3,4,1.8697
Robert,M,35220,1917,3.8056,4,5,1.7634
Helen,F,34251,1917,3.1677,2,6,1.7098
Dorothy,F,28852,1917,2.6684,3,7,1.4407
Margaret,F,25560,1917,2.3639,4,8,1.2766
Joseph,M,24761,1917,2.6755,5,9,1.2386
Ruth,F,23568,1917,2.1797,5,12,1.1769
John,F,253,1917,0.0234,397,2,2.5965
James,F,182,1917,0.0168,486,4,1.8697
Robert,F,168,1917,0.0155,515,5,1.7634
William,F,165,1917,0.0153,519,3,2.1222
Mary,M,159,1917,0.0172,448,1,3.2111
Mary,F,67365,1918,5.8192,1,1,3.1106
John,M,56558,1918,5.5806,1,2,2.6164
William,M,45291,1918,4.4689,2,3,2.094
James,M,42115,1918,4.1555,3,4,1.9496
Robert,M,40619,1918,4.0079,4,5,1.8791
Helen,F,36148,1918,3.1226,2,6,1.6686
Dorothy,F,32030,1918,2.7669,3,7,1.478
Margaret,F,27139,1918,2.3444,4,8,1.2528
Charles,M,26921,1918,2.6563,5,9,1.2466
Ruth,F,25535,1918,2.2058,5,12,1.1783
John,F,248,1918,0.0214,419,2,2.6164
James,F,212,1918,0.0183,459,4,1.9496
Robert,F,178,1918,0.0154,519,5,1.8791
William,F,172,1918,0.0149,536,3,2.094
Mary,M,169,1918,0.0167,457,1,3.1106
Mary,F,65836,1919,5.8256,1,1,3.1271
John,M,53523,1919,5.4608,1,2,2.5509
William,M,43970,1919,4.4861,2,3,2.0919
James,M,42392,1919,4.3251,3,4,2.018
Robert,M,41025,1919,4.1857,4,5,1.9528
Helen,F,33706,1919,2.9825,2,6,1.6001
Dorothy,F,31733,1919,2.8079,3,7,1.5069
Margaret,F,26238,1919,2.3217,4,8,1.2461
Charles,M,25192,1919,2.5703,5,10,1.1999
Ruth,F,24562,1919,2.1734,5,11,1.1669
John,F,307,1919,0.0272,370,2,2.5509
James,F,192,1919,0.017,482,4,2.018
Robert,F,184,1919,0.0163,496,5,1.9528
William,F,175,1919,0.0155,515,3,2.0919
Mary,M,154,1919,0.0157,482,1,3.1271
Mary,F,70983,1920,5.9237,1,1,3.1458
John,M,56913,1920,5.3472,1,2,2.5278
William,M,50146,1920,4.7114,2,3,2.2253
Robert,M,48679,1920,4.5736,3,4,2.1605
James,M,47908,1920,4.5011,4,5,2.1284
Dorothy,F,36643,1920,3.0579,2,6,1.6228
Helen,F,35097,1920,2.9289,3,7,1.5539
Charles,M,28309,1920,2.6597,5,8,1.2584
Margaret,F,27994,1920,2.3362,4,9,1.2394
Ruth,F,26102,1920,2.1783,5,11,1.156
John,F,281,1920,0.0235,395,2,2.5278
James,F,249,1920,0.0208,424,5,2.1284
Robert,F,205,1920,0.0171,476,4,2.1605
William,F,204,1920,0.017,480,3,2.2253
Mary,M,195,1920,0.0183,430,1,3.1458
Mary,F,73984,1921,6.0,1,1,3.1772
John,M,58215,1921,5.2853,1,2,2.5059
Robert,M,52779,1921,4.7918,2,3,2.2713
William,M,51862,1921,4.7085,3,4,2.2296
James,M,49750,1921,4.5168,4,5,2.141
Dorothy,F,39087,1921,3.1699,2,6,1.678
Helen,F,34822,1921,2.824,3,7,1.4944
Charles,M,29242,1921,2.6549,5,8,1.2601
Margaret,F,28468,1921,2.3087,4,9,1.2217
Ruth,F,25783,1921,2.091,5,12,1.1069
John,F,285,1921,0.0231,401,2,2.5059
Robert,F,244,1921,0.0198,439,3,2.2713
James,F,231,1921,0.0187,455,5,2.141
William,F,189,1921,0.0153,517,4,2.2296
Mary,M,187,1921,0.017,451,1,3.1772
Mary,F,72176,1922,6.0097,1,1,3.1611
John,M,57281,1922,5.264,1,2,2.5147
Robert,M,53796,1922,4.9438,2,3,2.3604
William,M,51112,1922,4.6971,3,4,2.2413
James,M,49803,1922,4.5768,4,5,2.186
Dorothy,F,37716,1922,3.1404,2,6,1.6505
Helen,F,32510,1922,2.7069,3,7,1.4231
Charles,M,28839,1922,2.6503,5,8,1.2685
Margaret,F,26862,1922,2.2366,4,10,1.1749
Ruth,F,23633,1922,1.9678,5,12,1.0356
John,F,285,1922,0.0237,385,2,2.5147
James,F,239,1922,0.0199,430,5,2.186
Robert,F,237,1922,0.0197,439,3,2.3604
William,F,194,1922,0.0162,500,4,2.2413
Mary,M,186,1922,0.0171,450,1,3.1611
Mary,F,71635,1923,5.9381,1,1,3.12
John,M,57467,1923,5.2428,1,2,2.5104
Robert,M,56113,1923,5.1193,2,3,2.4479
William,M,52136,1923,4.7565,3,4,2.2741
James,M,50463,1923,4.6038,4,5,2.2038
Dorothy,F,39043,1923,3.2364,2,6,1.6997
Helen,F,31486,1923,2.61,3,7,1.3702
Charles,M,28966,1923,2.6426,5,8,1.2649
Margaret,F,26135,1923,2.1664,4,10,1.1373
Betty,F,25990,1923,2.1544,5,11,1.1312
John,F,335,1923,0.0278,362,2,2.5104
James,F,280,1923,0.0232,401,5,2.2038
Robert,F,250,1923,0.0207,425,3,2.4479
William,F,225,1923,0.0187,460,4,2.2741
Mary,M,203,1923,0.0185,425,1,3.12
Mary,F,73534,1924,5.8881,1,1,3.097
Robert,M,60799,1924,5.3674,1,2,2.5654
John,M,59052,1924,5.2132,2,3,2.4955
William,M,53506,1924,4.7236,3,4,2.2569
James,M,52941,1924,4.6737,4,5,2.2344
Dorothy,F,39996,1924,3.2026,2,6,1.6836
Helen,F,31194,1924,2.4978,3,7,1.3131
Betty,F,30600,1924,2.4502,4,8,1.2877
Charles,M,30460,1924,2.689,5,9,1.2868
Margaret,F,26546,1924,2.1256,5,11,1.1183
John,F,382,1924,0.0306,347,3,2.4955
Robert,F,299,1924,0.0239,398,2,2.5654
James,F,274,1924,0.0219,425,5,2.2344
William,F,245,1924,0.0196,445,4,2.2569
Mary,M,224,1924,0.0198,412,1,3.097
Mary,F,70586,1925,5.7982,1,1,3.0363
Robert,M,60896,1925,5.457,1,2,2.6249
John,M,57195,1925,5.1254,2,3,2.467
William,M,53309,1925,4.7771,3,4,2.2971
James,M,52679,1925,4.7207,4,5,2.2733
Dorothy,F,38570,1925,3.1683,2,6,1.6573
Betty,F,32812,1925,2.6953,3,7,1.4098
Charles,M,29580,1925,2.6507,5,8,1.277
Helen,F,29173,1925,2.3964,4,9,1.2537
Margaret,F,24462,1925,2.0094,5,12,1.0518
John,F,367,1925,0.0301,355,3,2.467
James,F,365,1925,0.03,357,5,2.2733
Robert,F,350,1925,0.0288,364,2,2.6249
William,F,289,1925,0.0237,404,4,2.2971
Mary,M,260,1925,0.0233,368,1,3.0363
Mary,F,67833,1926,5.7224,1,1,2.9664
Robert,M,61130,1926,5.5047,1,2,2.6786
John,M,56108,1926,5.0525,2,3,2.4606
James,M,53197,1926,4.7903,3,4,2.3326
William,M,51922,1926,4.6755,4,5,2.2747
Dorothy,F,36618,1926,3.0891,2,6,1.6001
Betty,F,32964,1926,2.7808,3,7,1.4397
Charles,M,29521,1926,2.6583,5,8,1.2956
Helen,F,26885,1926,2.268,4,9,1.1742
Margaret,F,23073,1926,1.9464,5,13,1.0089
John,F,385,1926,0.0325,339,3,2.4606
Robert,F,369,1926,0.0311,349,2,2.6786
James,F,358,1926,0.0302,353,4,2.3326
William,F,303,1926,0.0256,395,5,2.2747
Mary,M,272,1926,0.0245,352,1,2.9664
Mary,F,70642,1927,5.9242,1,1,3.058
Robert,M,61674,1927,5.4728,1,2,2.6768
John,M,55949,1927,4.9647,2,3,2.4312
James,M,53675,1927,4.763,3,4,2.331
William,M,51476,1927,4.5678,4,5,2.2332
Dorothy,F,35993,1927,3.0185,2,6,1.5572
Betty,F,35423,1927,2.9706,3,7,1.5318
Charles,M,31941,1927,2.8344,5,8,1.3902
Helen,F,25317,1927,2.1231,4,11,1.0955
Margaret,F,21964,1927,1.8419,5,14,0.9507
John,F,440,1927,0.0369,318,3,2.4312
Robert,F,411,1927,0.0345,332,2,2.6768
James,F,390,1927,0.0327,338,4,2.331
William,F,321,1927,0.0269,382,5,2.2332
Mary,M,283,1927,0.0251,345,1,3.058
Mary,F,66872,1928,5.7982,1,1,2.9707
Robert,M,60701,1928,5.4803,1,2,2.704
John,M,53761,1928,4.8537,2,3,2.3966
James,M,52753,1928,4.7627,3,4,2.3521
William,M,49119,1928,4.4346,4,5,2.1879
Betty,F,36083,1928,3.1286,2,6,1.6012
Dorothy,F,33733,1928,2.9249,3,7,1.4974
Charles,M,31244,1928,2.8208,5,8,1.3939
Helen,F,22937,1928,1.9888,4,12,1.0184
Margaret,F,20295,1928,1.7597,5,14,0.9015
Robert,F,434,1928,0.0376,315,2,2.704
James,F,427,1928,0.037,319,4,2.3521
John,F,424,1928,0.0368,323,3,2.3966
William,F,348,1928,0.0302,369,5,2.1879
Mary,M,294,1928,0.0265,330,1,2.9707
Mary,F,63511,1929,5.6881,1,1,2.9121
Robert,M,59808,1929,5.5604,1,2,2.7484
James,M,52133,1929,4.8468,2,3,2.3963
John,M,52110,1929,4.8447,3,4,2.3959
William,M,47814,1929,4.4453,4,5,2.1965
Betty,F,36677,1929,3.2848,2,6,1.6792
Dorothy,F,31477,1929,2.8191,3,7,1.4413
Charles,M,29929,1929,2.7825,5,8,1.3772
Helen,F,20982,1929,1.8792,4,13,0.9607
Margaret,F,19211,1929,1.7206,5,14,0.8798
Robert,F,441,1929,0.0395,314,2,2.7484
John,F,411,1929,0.0368,321,4,2.3959
James,F,397,1929,0.0356,325,3,2.3963
William,F,337,1929,0.0302,362,5,2.1965
Mary,M,327,1929,0.0304,306,1,2.9121
Mary,F,64153,1930,5.6978,1,1,2.9008
Robert,M,62152,1930,5.6637,1,2,2.8147
James,M,53957,1930,4.917,2,3,2.4457
John,M,52447,1930,4.7793,3,4,2.3771
William,M,47271,1930,4.3077,4,5,2.1392
Betty,F,38238,1930,3.3962,2,6,1.7269
Richard,M,32186,1930,2.933,5,7,1.4551
Dorothy,F,30409,1930,2.7008,3,9,1.3746
Helen,F,19913,1930,1.7686,4,13,0.8994
Margaret,F,18351,1930,1.6299,5,14,0.8285
Robert,F,426,1930,0.0378,320,2,2.8147
James,F,419,1930,0.0372,323,3,2.4457
John,F,402,1930,0.0357,327,4,2.3771
Mary,M,340,1930,0.031,308,1,2.9008
William,F,289,1930,0.0257,399,5,2.1392
Robert,M,60520,1931,5.8211,1,1,2.8922
Mary,F,60299,1931,5.6634,1,2,2.8808
James,M,51213,1931,4.9259,2,3,2.45
John,M,48422,1931,4.6575,3,4,2.3164
William,M,43280,1931,4.1629,4,5,2.068
Betty,F,36105,1931,3.391,2,6,1.7229
Richard,M,31823,1931,3.0609,5,7,1.5194
Dorothy,F,26524,1931,2.4912,3,10,1.2671
Barbara,F,21803,1931,2.0478,4,11,1.0401
Joan,F,19119,1931,1.7957,5,14,0.9124
James,F,345,1931,0.0324,344,3,2.45
Robert,F,343,1931,0.0322,345,1,2.8922
John,F,325,1931,0.0305,356,4,2.3164
Mary,M,325,1931,0.0313,306,2,2.8808
William,F,238,1931,0.0224,419,5,2.068
Mary,F,59881,1932,5.6114,1,1,2.8519
Robert,M,59268,1932,5.6762,1,2,2.8226
James,M,51931,1932,4.9735,2,3,2.4748
John,M,48625,1932,4.6569,3,4,2.3172
William,M,42127,1932,4.0346,4,5,2.0065
Betty,F,34420,1932,3.2254,2,6,1.6383
Richard,M,31809,1932,3.0464,5,7,1.5132
Barbara,F,26318,1932,2.4662,3,10,1.2514
Dorothy,F,24977,1932,2.3406,4,11,1.1883
Joan,F,21044,1932,1.972,5,12,1.0009
Mary,M,330,1932,0.0316,305,1,2.8519
Robert,F,326,1932,0.0305,353,2,2.8226
James,F,320,1932,0.03,355,3,2.4748
John,F,298,1932,0.0279,374,4,2.3172
William,F,235,1932,0.022,429,5,2.0065
Mary,F,55517,1933,5.508,1,1,2.7925
Robert,M,54219,1933,5.4683,1,2,2.7254
James,M,51110,1933,5.1547,2,3,2.5712
John,M,46225,1933,4.6621,3,4,2.3232
William,M,39047,1933,3.9381,4,5,1.9626
Betty,F,31531,1933,3.1283,2,6,1.5848
Richard,M,31331,1933,3.1599,5,7,1.5733
Barbara,F,26949,1933,2.6737,3,10,1.3538
Dorothy,F,22052,1933,2.1878,4,11,1.1088
Joan,F,19294,1933,1.9142,5,12,0.9682
Mary,M,318,1933,0.0321,298,1,2.7925
James,F,299,1933,0.0297,368,3,2.5712
Robert,F,273,1933,0.0271,391,2,2.7254
John,F,226,1933,0.0224,430,4,2.3232
William,F,195,1933,0.0193,469,5,1.9626
Mary,F,56931,1934,5.452,1,1,2.7558
Robert,M,55843,1934,5.408,1,2,2.7017
James,M,54269,1934,5.2556,2,3,2.6257
John,M,46742,1934,4.5267,3,4,2.263
William,M,40176,1934,3.8908,4,5,1.9429
Richard,M,33167,1934,3.212,5,6,1.6032
Betty,F,31088,1934,2.9771,2,7,1.5051
Barbara,F,29239,1934,2.8001,3,10,1.4136
Shirley,F,22841,1934,2.1874,4,11,1.1137
Dorothy,F,21281,1934,2.038,5,12,1.0303
Mary,M,302,1934,0.0292,313,1,2.7558
Robert,F,266,1934,0.0255,398,2,2.7017
James,F,262,1934,0.0251,403,3,2.6257
John,F,257,1934,0.0246,408,4,2.263
William,F,175,1934,0.0168,487,5,1.9429
Robert,M,56525,1935,5.4282,1,1,2.7157
Mary,F,55074,1935,5.2523,1,2,2.6485
James,M,55002,1935,5.2819,2,3,2.6432
John,M,47510,1935,4.5625,3,4,2.2833
Shirley,F,42365,1935,4.0402,2,5,2.0479
William,M,40200,1935,3.8605,4,6,1.9313
Richard,M,33947,1935,3.26,5,7,1.6305
Barbara,F,30697,1935,2.9275,3,8,1.4748
Betty,F,28675,1935,2.7347,4,11,1.3793
Patricia,F,22879,1935,2.1819,5,12,1.0989
Shirley,M,435,1935,0.0418,259,5,2.0479
Mary,M,277,1935,0.0266,328,2,2.6485
James,F,238,1935,0.0227,422,3,2.6432
Robert,F,231,1935,0.022,426,1,2.7157
John,F,208,1935,0.0198,449,4,2.2833
Robert,M,58501,1936,5.6403,1,1,2.8265
James,M,54696,1936,5.2734,2,2,2.6437
Mary,F,54374,1936,5.2264,1,3,2.6312
John,M,47679,1936,4.5969,3,4,2.3047
William,M,39398,1936,3.7985,4,5,1.9038
Shirley,F,35162,1936,3.3797,2,6,1.7108
Richard,M,33492,1936,3.2291,5,7,1.6168
Barbara,F,31682,1936,3.0452,3,8,1.5302
Betty,F,25867,1936,2.4863,4,11,1.2506
Patricia,F,23916,1936,2.2988,5,12,1.156
Mary,M,292,1936,0.0282,313,3,2.6312
James,F,229,1936,0.022,428,2,2.6437
Robert,F,221,1936,0.0212,433,1,2.8265
John,F,203,1936,0.0195,446,4,2.3047
William,F,154,1936,0.0148,523,5,1.9038
Robert,M,61842,1937,5.7979,1,1,2.9129
James,M,56562,1937,5.3029,2,2,2.6664
Mary,F,55643,1937,5.2294,1,3,2.625
John,M,48753,1937,4.5707,3,4,2.2984
William,M,40724,1937,3.818,4,5,1.919
Barbara,F,34917,1937,3.2816,2,6,1.6455
Richard,M,32975,1937,3.0915,5,7,1.5532
Patricia,F,26838,1937,2.5223,3,11,1.2642
Shirley,F,26823,1937,2.5209,4,10,1.2747
Betty,F,25337,1937,2.3812,5,12,1.1949
Mary,M,288,1937,0.027,321,3,2.625
James,F,251,1937,0.0236,408,2,2.6664
Robert,F,223,1937,0.021,441,1,2.9129
John,F,218,1937,0.0205,445,4,2.2984
William,F,164,1937,0.0154,514,5,1.919
Robert,M,62270,1938,5.6142,1,1,2.8243
James,M,59102,1938,5.3286,2,2,2.6836
Mary,F,56225,1938,5.0955,1,3,2.554
John,M,50518,1938,4.5547,3,4,2.293
William,M,42432,1938,3.8257,4,5,1.924
Barbara,F,39277,1938,3.5595,2,6,1.7825
Richard,M,34386,1938,3.1002,5,7,1.5596
Patricia,F,27558,1938,2.4975,3,9,1.2504
Betty,F,25505,1938,2.3114,4,11,1.1577
Shirley,F,23766,1938,2.1538,5,12,1.0861
Mary,M,284,1938,0.0256,331,3,2.554
James,F,275,1938,0.0249,402,2,2.6836
Robert,F,219,1938,0.0198,455,1,2.8243
John,F,216,1938,0.0196,457,4,2.293
William,F,138,1938,0.0125,590,5,1.924
Robert,M,59659,1939,5.3901,1,2,2.717
James,M,59636,1939,5.388,2,1,2.7187
Mary,F,54900,1939,5.0063,1,3,2.5039
John,M,51025,1939,4.61,3,4,2.326
William,M,42073,1939,3.8012,4,5,1.9163
Barbara,F,37257,1939,3.3975,2,6,1.6977
Richard,M,35385,1939,3.197,5,7,1.6108
Patricia,F,29701,1939,2.7084,3,9,1.3529
Betty,F,23642,1939,2.1559,4,12,1.0789
Shirley,F,20445,1939,1.8644,5,14,0.9387
Mary,M,272,1939,0.0246,341,3,2.5039
James,F,268,1939,0.0244,411,1,2.7187
John,F,228,1939,0.0208,445,4,2.326
Robert,F,208,1939,0.019,465,2,2.717
William,F,152,1939,0.0139,540,5,1.9163
James,M,62481,1940,5.3902,1,1,2.7246
Robert,M,61194,1940,5.2791,2,2,2.6665
Mary,F,56214,1940,4.9159,1,3,2.4544
John,M,54784,1940,4.7261,3,4,2.3882
William,M,44781,1940,3.8632,4,5,1.9513
Richard,M,37425,1940,3.2286,5,6,1.63
Barbara,F,36735,1940,3.2125,2,7,1.6014
Patricia,F,32667,1940,2.8567,3,8,1.4247
Judith,F,22385,1940,1.9576,4,13,0.9757
Betty,F,22077,1940,1.9306,5,14,0.9637
Mary,M,303,1940,0.0261,328,3,2.4544
James,F,259,1940,0.0226,424,1,2.7246
John,F,208,1940,0.0182,463,4,2.3882
Robert,F,206,1940,0.018,467,2,2.6665
William,F,152,1940,0.0133,564,5,1.9513
James,M,66752,1941,5.4345,1,1,2.7503
Robert,M,64247,1941,5.2306,2,2,2.645
Mary,F,58049,1941,4.8049,1,3,2.3955
John,M,57519,1941,4.6828,3,4,2.3699
William,M,47797,1941,3.8913,4,5,1.9675
Barbara,F,39543,1941,3.2731,2,6,1.6294
Richard,M,39111,1941,3.1842,5,7,1.6102
Patricia,F,36904,1941,3.0547,3,8,1.521
Carol,F,24187,1941,2.002,4,13,1.0027
Linda,F,23721,1941,1.9635,5,14,0.9769
Mary,M,315,1941,0.0256,329,3,2.3955
James,F,256,1941,0.0212,428,1,2.7503
John,F,221,1941,0.0183,472,4,2.3699
Robert,F,196,1941,0.0162,498,2,2.645
William,F,140,1941,0.0116,597,5,1.9675
James,M,77180,1942,5.5882,1,1,2.8355
Robert,M,71841,1942,5.2016,2,2,2.6374
John,M,66041,1942,4.7817,3,3,2.4263
Mary,F,63255,1942,4.6832,1,4,2.3257
William,M,54891,1942,3.9744,4,5,2.0155
Barbara,F,44739,1942,3.3123,2,6,1.6437
Richard,M,43592,1942,3.1563,5,7,1.6004
Patricia,F,39464,1942,2.9218,3,8,1.4504
Linda,F,31614,1942,2.3406,4,11,1.1617
Carol,F,30271,1942,2.2411,5,13,1.1179
James,F,280,1942,0.0207,433,1,2.8355
Mary,M,278,1942,0.0201,363,4,2.3257
John,F,241,1942,0.0178,475,3,2.4263
Robert,F,208,1942,0.0154,515,2,2.6374
William,F,170,1942,0.0126,567,5,2.0155
James,M,80275,1943,5.6244,1,1,2.8537
Robert,M,74890,1943,5.2471,2,2,2.6621
John,M,68928,1943,4.8294,3,3,2.4502
Mary,F,66176,1943,4.7428,1,4,2.3535
William,M,55904,1943,3.9169,4,5,1.9866
Richard,M,46338,1943,3.2466,5,6,1.6459
Barbara,F,43432,1943,3.1128,2,7,1.5441
Patricia,F,39621,1943,2.8396,3,8,1.4089
Linda,F,38439,1943,2.7549,4,9,1.3667
Carol,F,31685,1943,2.2709,5,13,1.1307
James,F,272,1943,0.0195,453,1,2.8537
Mary,M,254,1943,0.0178,384,4,2.3535
Robert,F,250,1943,0.0179,469,2,2.6621
John,F,229,1943,0.0164,490,3,2.4502
William,F,168,1943,0.012,583,5,1.9866
James,M,76951,1944,5.6463,1,1,2.8694
Robert,M,70855,1944,5.199,2,2,2.6411
John,M,66611,1944,4.8876,3,3,2.4829
Mary,F,62472,1944,4.707,1,4,2.3317
William,M,52373,1944,3.8429,4,5,1.952
Richard,M,45643,1944,3.3491,5,6,1.7003
Barbara,F,39196,1944,2.9533,2,7,1.4616
Linda,F,38415,1944,2.8944,3,8,1.4323
Patricia,F,36872,1944,2.7781,4,10,1.3749
Carol,F,30456,1944,2.2947,5,13,1.1387
Mary,M,253,1944,0.0186,377,4,2.3317
James,F,237,1944,0.0179,468,1,2.8694
Robert,F,194,1944,0.0146,519,2,2.6411
John,F,180,1944,0.0136,540,3,2.4829
William,F,136,1944,0.0102,629,5,1.952
James,M,74466,1945,5.5331,1,1,2.8163
Robert,M,69945,1945,5.1972,2,2,2.644
John,M,66118,1945,4.9129,3,3,2.4997
Mary,F,59281,1945,4.5353,1,4,2.242
William,M,50218,1945,3.7314,4,5,1.8983
Richard,M,46045,1945,3.4213,5,6,1.7396
Linda,F,41465,1945,3.1723,2,7,1.5672
Barbara,F,38274,1945,2.9282,3,8,1.446
Patricia,F,35843,1945,2.7422,4,10,1.3548
Carol,F,30388,1945,2.3249,5,13,1.1527
James,F,247,1945,0.0189,454,1,2.8163
Robert,F,198,1945,0.0151,518,2,2.644
Mary,M,198,1945,0.0147,426,4,2.242
John,F,197,1945,0.0151,520,3,2.4997
William,F,142,1945,0.0109,609,5,1.8983
James,M,87436,1946,5.384,1,1,2.7442
Robert,M,84138,1946,5.1809,2,2,2.6399
John,M,79266,1946,4.8809,3,3,2.4872
Mary,F,67467,1946,4.2937,1,4,2.1173
William,M,60030,1946,3.6964,4,5,1.8836
Richard,M,58871,1946,3.625,5,6,1.8462
Linda,F,52710,1946,3.3546,2,7,1.6532
Patricia,F,46298,1946,2.9465,3,9,1.4524
Barbara,F,45125,1946,2.8718,4,10,1.4156
Carol,F,34283,1946,2.1818,5,14,1.0784
James,F,250,1946,0.0159,493,1,2.7442
Robert,F,214,1946,0.0136,542,2,2.6399
John,F,208,1946,0.0132,548,3,2.4872
Mary,M,186,1946,0.0115,470,4,2.1173
William,F,157,1946,0.01,630,5,1.8836
Linda,F,99693,1947,5.6236,1,1,2.7735
James,M,94763,1947,5.1795,1,2,2.6377
Robert,M,91654,1947,5.0096,2,3,2.5509
John,M,88321,1947,4.8274,3,4,2.4574
Mary,F,71689,1947,4.0439,2,5,1.9952
William,M,67001,1947,3.6621,4,6,1.8642
Richard,M,58531,1947,3.1992,5,7,1.6288
Patricia,F,51278,1947,2.8926,3,9,1.4268
Barbara,F,48800,1947,2.7528,4,11,1.3572
Sandra,F,34779,1947,1.9619,5,16,0.9675
James,F,257,1947,0.0145,516,2,2.6377
Robert,F,237,1947,0.0134,551,3,2.5509
Linda,M,216,1947,0.0118,458,1,2.7735
John,F,203,1947,0.0115,600,4,2.4574
Mary,M,184,1947,0.0101,497,5,1.9952
Linda,F,96216,1948,5.6668,1,1,2.7928
James,M,88604,1948,5.0498,1,2,2.5736
Robert,M,85475,1948,4.8714,2,3,2.4818
John,M,82832,1948,4.7208,3,4,2.4047
Mary,F,68598,1948,4.0402,2,5,1.9916
William,M,61970,1948,3.5318,4,6,1.7995
David,M,56624,1948,3.2271,5,7,1.6436
Barbara,F,46824,1948,2.7578,3,10,1.3584
Patricia,F,46140,1948,2.7175,4,11,1.3392
Susan,F,35988,1948,2.1196,5,14,1.044
James,F,251,1948,0.0148,522,2,2.5736
Robert,F,209,1948,0.0123,581,3,2.4818
Linda,M,207,1948,0.0118,463,1,2.7928
John,F,192,1948,0.0113,605,4,2.4047
Mary,M,164,1948,0.0093,514,5,1.9916
Linda,F,91016,1949,5.3199,1,1,2.6167
James,M,86859,1949,4.8965,1,2,2.4999
Robert,M,83876,1949,4.7283,2,3,2.4127
John,M,81180,1949,4.5763,3,4,2.3353
Mary,F,66869,1949,3.9085,2,5,1.9237
William,M,61504,1949,3.4672,4,6,1.7687
Michael,M,60046,1949,3.385,5,7,1.7285
Patricia,F,46325,1949,2.7077,3,10,1.3323
Barbara,F,42599,1949,2.4899,4,12,1.2244
Susan,F,37709,1949,2.2041,5,14,1.0836
James,F,257,1949,0.015,506,2,2.4999
Robert,F,202,1949,0.0118,584,3,2.4127
John,F,199,1949,0.0116,588,4,2.3353
Linda,M,169,1949,0.0095,512,1,2.6167
Mary,M,169,1949,0.0095,513,5,1.9237
James,M,86223,1950,4.8161,1,1,2.4683
Robert,M,83551,1950,4.6669,2,2,2.3907
Linda,F,80431,1950,4.6952,1,3,2.2995
John,M,79412,1950,4.4357,3,4,2.2719
Mary,F,65482,1950,3.8225,2,5,1.8725
Michael,M,65138,1950,3.6384,4,6,1.8644
David,M,60729,1950,3.3921,5,7,1.7373
Patricia,F,47944,1950,2.7987,3,10,1.3709
Barbara,F,41555,1950,2.4258,4,12,1.1881
Susan,F,38017,1950,2.2193,5,14,1.0868
James,F,252,1950,0.0147,515,1,2.4683
Robert,F,203,1950,0.0119,594,2,2.3907
John,F,180,1950,0.0105,638,4,2.2719
Linda,M,130,1950,0.0073,601,3,2.2995
Mary,M,119,1950,0.0066,634,5,1.8725
James,M,87257,1951,4.6343,1,1,2.3757
Robert,M,86355,1951,4.5864,2,2,2.3499
John,M,81570,1951,4.3322,3,3,2.2198
Linda,F,73982,1951,4.1081,1,4,2.0117
Michael,M,72805,1951,3.8667,4,5,1.9811
Mary,F,65722,1951,3.6494,2,6,1.7885
David,M,64789,1951,3.441,5,7,1.7616
Patricia,F,56446,1951,3.1344,3,9,1.5358
Deborah,F,42053,1951,2.3351,4,12,1.1433
Barbara,F,40619,1951,2.2555,5,13,1.1046
James,F,256,1951,0.0142,517,1,2.3757
Robert,F,210,1951,0.0117,595,2,2.3499
John,F,202,1951,0.0112,604,3,2.2198
Michael,F,172,1951,0.0096,669,5,1.9811
Linda,M,125,1951,0.0066,632,4,2.0117
James,M,87066,1952,4.4795,1,1,2.2992
Robert,M,86588,1952,4.4549,2,2,2.2849
John,M,83138,1952,4.2774,3,3,2.1942
Michael,M,79039,1952,4.0665,4,4,2.0861
David,M,71753,1952,3.6916,5,5,1.8927
Linda,F,67081,1952,3.6175,1,6,1.7698
Mary,F,65627,1952,3.5391,2,7,1.7321
Patricia,F,53098,1952,2.8634,3,10,1.4008
Deborah,F,49812,1952,2.6862,4,11,1.314
Susan,F,41348,1952,2.2298,5,13,1.0901
James,F,258,1952,0.0139,529,1,2.2992
John,F,197,1952,0.0106,630,3,2.1942
Robert,F,193,1952,0.0104,641,2,2.2849
Michael,F,190,1952,0.0102,647,4,2.0861
David,F,133,1952,0.0072,776,5,1.8927
Robert,M,86245,1953,4.3728,1,1,2.2439
James,M,86071,1953,4.3639,2,2,2.2396
Michael,M,84202,1953,4.2692,3,3,2.191
John,M,80167,1953,4.0646,4,4,2.0845
David,M,76119,1953,3.8594,5,5,1.9791
Mary,F,64390,1953,3.4226,1,6,1.6747
Linda,F,61281,1953,3.2573,2,8,1.5932
Deborah,F,52199,1953,2.7746,3,10,1.3567
Patricia,F,51021,1953,2.712,4,11,1.3273
Susan,F,44297,1953,2.3546,5,13,1.1513
James,F,236,1953,0.0125,574,2,2.2396
Michael,F,232,1953,0.0123,581,3,2.191
Robert,F,228,1953,0.0121,589,1,2.2439
John,F,164,1953,0.0087,713,4,2.0845
David,F,149,1953,0.0079,748,5,1.9791
Michael,M,88564,1954,4.3439,1,1,2.2303
Robert,M,86333,1954,4.2345,2,3,2.1736
James,M,86312,1954,4.2335,3,2,2.1739
John,M,81176,1954,3.9816,4,4,2.0439
David,M,79560,1954,3.9023,5,5,2.0025
Mary,F,68019,1954,3.5027,1,6,1.7129
Linda,F,55371,1954,2.8514,2,9,1.3939
Deborah,F,54675,1954,2.8155,3,10,1.3755
Patricia,F,49149,1954,2.531,4,11,1.2372
Susan,F,47162,1954,2.4286,5,13,1.1864
James,F,225,1954,0.0116,605,2,2.1739
Michael,F,217,1954,0.0112,618,1,2.2303
Robert,F,192,1954,0.0099,672,3,2.1736
John,F,185,1954,0.0095,690,4,2.0439
David,F,153,1954,0.0079,748,5,2.0025
Michael,M,88352,1955,4.2893,1,1,2.2067
David,M,86301,1955,4.1898,2,2,2.1531
James,M,84184,1955,4.087,3,3,2.1027
Robert,M,83755,1955,4.0662,4,4,2.0918
John,M,80122,1955,3.8898,5,5,2.0001
Mary,F,63173,1955,3.2309,1,6,1.5771
Deborah,F,52317,1955,2.6757,2,9,1.3055
Linda,F,51300,1955,2.6237,3,10,1.2803
Debra,F,50560,1955,2.5858,4,11,1.2611
Susan,F,47419,1955,2.4252,5,12,1.1826
Michael,F,250,1955,0.0128,579,1,2.2067
James,F,243,1955,0.0124,591,3,2.1027
Robert,F,232,1955,0.0119,608,4,2.0918
John,F,185,1955,0.0095,690,5,2.0001
David,F,149,1955,0.0076,788,2,2.1531
Michael,M,90691,1956,4.2873,1,1,2.2054
James,M,84903,1956,4.0137,2,2,2.0652
Robert,M,83912,1956,3.9669,3,3,2.0404
David,M,81650,1956,3.8599,4,4,1.9841
John,M,80806,1956,3.82,5,5,1.9653
Mary,F,61743,1956,3.0753,1,6,1.501
Debra,F,48324,1956,2.4069,2,10,1.1742
Linda,F,48085,1956,2.395,3,11,1.1688
Deborah,F,47837,1956,2.3827,4,12,1.1625
Susan,F,46562,1956,2.3192,5,13,1.1309
James,F,248,1956,0.0124,609,2,2.0652
Michael,F,238,1956,0.0119,622,1,2.2054
John,F,224,1956,0.0112,638,5,1.9653
Robert,F,214,1956,0.0107,658,3,2.0404
David,F,157,1956,0.0078,789,4,1.9841
Michael,M,92786,1957,4.301,1,1,2.2141
James,M,84343,1957,3.9097,2,2,2.0138
David,M,82404,1957,3.8198,3,3,1.9649
Robert,M,81776,1957,3.7907,4,4,1.9521
John,M,79032,1957,3.6635,5,5,1.8861
Mary,F,61103,1957,2.9882,1,6,1.4584
Susan,F,45952,1957,2.2472,2,10,1.0958
Linda,F,44515,1957,2.1769,3,12,1.0622
Debra,F,42727,1957,2.0895,4,13,1.0185
Karen,F,40590,1957,1.985,5,14,0.9678
James,F,279,1957,0.0136,578,2,2.0138
Michael,F,255,1957,0.0125,614,1,2.2141
Robert,F,255,1957,0.0125,615,4,1.9521
John,F,225,1957,0.011,656,5,1.8861
David,F,165,1957,0.0081,785,3,1.9649
Michael,M,90598,1958,4.2689,1,1,2.1987
David,M,82679,1958,3.8957,2,2,2.005
James,M,78773,1958,3.7117,3,3,1.9116
Robert,M,77334,1958,3.6439,4,4,1.8765
John,M,76049,1958,3.5833,5,5,1.8446
Mary,F,55846,1958,2.7762,1,6,1.3543
Susan,F,45172,1958,2.2456,2,10,1.0948
Linda,F,41905,1958,2.0832,3,12,1.016
Karen,F,38488,1958,1.9133,4,13,0.9326
Patricia,F,37966,1958,1.8873,5,14,0.921
Michael,F,295,1958,0.0147,574,1,2.1987
James,F,252,1958,0.0125,621,3,1.9116
Robert,F,237,1958,0.0118,640,4,1.8765
David,F,205,1958,0.0102,690,2,2.005
John,F,205,1958,0.0102,692,5,1.8446
Michael,M,85291,1959,3.9958,1,1,2.0581
David,M,83967,1959,3.9338,2,2,2.0251
James,M,78644,1959,3.6844,3,3,1.8985
John,M,76445,1959,3.5814,4,4,1.844
Robert,M,74542,1959,3.4922,5,5,1.7984
Mary,F,54504,1959,2.6936,1,7,1.3149
Susan,F,41616,1959,2.0567,2,10,1.003
Linda,F,40412,1959,1.9972,3,11,0.9748
Karen,F,36783,1959,1.8178,4,13,0.8866
Donna,F,36469,1959,1.8023,5,14,0.8788
James,F,294,1959,0.0145,574,3,1.8985
Michael,F,285,1959,0.0141,588,1,2.0581
Robert,F,236,1959,0.0117,653,5,1.7984
David,F,235,1959,0.0116,654,2,2.0251
John,F,229,1959,0.0113,664,4,1.844
David,M,85908,1960,4.0296,1,1,2.0735
Michael,M,84139,1960,3.9466,2,2,2.0332
James,M,76804,1960,3.6026,3,3,1.856
John,M,76086,1960,3.5689,4,4,1.8375
Robert,M,72344,1960,3.3934,5,5,1.7481
Mary,F,51468,1960,2.5455,1,7,1.2431
Susan,F,39208,1960,1.9392,2,11,0.9459
Linda,F,37315,1960,1.8455,3,12,0.9006
Karen,F,36380,1960,1.7993,4,13,0.8776
Donna,F,34138,1960,1.6884,5,14,0.8237
Michael,F,316,1960,0.0156,548,2,2.0332
James,F,291,1960,0.0144,578,3,1.856
Robert,F,269,1960,0.0133,610,5,1.7481
John,F,242,1960,0.012,651,4,1.8375
David,F,223,1960,0.011,682,1,2.0735
Michael,M,86968,1961,4.0947,1,1,2.1074
David,M,84805,1961,3.9928,2,2,2.0529
John,M,79973,1961,3.7653,3,3,1.9373
James,M,75959,1961,3.5763,4,4,1.8406
Robert,M,72963,1961,3.4353,5,5,1.7684
Mary,F,47688,1961,2.3627,1,8,1.1553
Lisa,F,42719,1961,2.1165,2,9,1.0332
Susan,F,37530,1961,1.8594,3,12,0.9081
Linda,F,35592,1961,1.7634,4,13,0.8613
Karen,F,34697,1961,1.7191,5,14,0.8395
Michael,F,325,1961,0.0161,546,1,2.1074
Robert,F,289,1961,0.0143,592,5,1.7684
James,F,284,1961,0.0141,600,4,1.8406
John,F,275,1961,0.0136,613,3,1.9373
David,F,233,1961,0.0115,680,2,2.0529
Michael,M,85056,1962,4.1115,1,1,2.1166
David,M,81335,1962,3.9316,2,2,2.0227
John,M,78420,1962,3.7907,3,3,1.9504
James,M,72561,1962,3.5075,4,4,1.8046
Robert,M,70201,1962,3.3934,5,5,1.7453
Lisa,F,46074,1962,2.3428,1,7,1.1444
Mary,F,43498,1962,2.2118,2,9,1.0818
Susan,F,35750,1962,1.8178,3,12,0.888
Karen,F,35188,1962,1.7893,4,13,0.8738
Linda,F,31463,1962,1.5998,5,15,0.7818
Michael,F,355,1962,0.0181,520,1,2.1166
David,F,290,1962,0.0147,579,2,2.0227
John,F,286,1962,0.0145,585,3,1.9504
James,F,262,1962,0.0133,621,4,1.8046
Robert,F,229,1962,0.0116,681,5,1.7453
Michael,M,83757,1963,4.1243,1,1,2.1256
John,M,78616,1963,3.8712,2,2,1.9927
David,M,78450,1963,3.863,3,3,1.9879
James,M,71291,1963,3.5105,4,4,1.809
Robert,M,69997,1963,3.4467,5,5,1.7748
Lisa,F,56040,1963,2.9076,1,6,1.4188
Mary,F,41543,1963,2.1554,2,9,1.053
Susan,F,33990,1963,1.7635,3,12,0.8607
Karen,F,32487,1963,1.6855,4,13,0.8228
Linda,F,27723,1963,1.4384,5,19,0.7025
Michael,F,377,1963,0.0196,501,1,2.1256
James,F,311,1963,0.0161,548,4,1.809
John,F,260,1963,0.0135,627,2,1.9927
Robert,F,255,1963,0.0132,634,5,1.7748
David,F,236,1963,0.0122,659,3,1.9879
Michael,M,82619,1964,4.146,1,1,2.133
John,M,82519,1964,4.141,2,2,2.1294
David,M,75036,1964,3.7654,3,3,1.9365
James,M,73021,1964,3.6643,4,4,1.8865
Robert,M,69983,1964,3.5119,5,5,1.8073
Lisa,F,54271,1964,2.8641,1,6,1.3994
Mary,F,40987,1964,2.1631,2,9,1.0577
Susan,F,31515,1964,1.6632,3,12,0.8128
Karen,F,30247,1964,1.5963,4,15,0.7804
Patricia,F,26090,1964,1.3769,5,21,0.6733
James,F,318,1964,0.0168,555,4,1.8865
Michael,F,303,1964,0.016,566,1,2.133
Robert,F,279,1964,0.0147,594,5,1.8073
John,F,264,1964,0.0139,621,2,2.1294
David,F,249,1964,0.0131,647,3,1.9365
Michael,M,81002,1965,4.3542,1,1,2.2441
John,M,71499,1965,3.8434,2,2,1.9791
David,M,67828,1965,3.6461,3,3,1.8769
James,M,67674,1965,3.6378,4,4,1.875
Robert,M,63112,1965,3.3926,5,5,1.7478
Lisa,F,60269,1965,3.4144,1,6,1.6673
Mary,F,34271,1965,1.9415,2,10,0.949
Karen,F,32870,1965,1.8622,3,11,0.9089
Kimberly,F,28837,1965,1.6337,4,14,0.7987
Susan,F,26322,1965,1.4912,5,19,0.7275
Michael,F,355,1965,0.0201,504,1,2.2441
James,F,303,1965,0.0172,544,4,1.875
Robert,F,255,1965,0.0144,609,5,1.7478
John,F,252,1965,0.0143,614,2,1.9791
David,F,219,1965,0.0124,667,3,1.8769
Michael,M,79984,1966,4.4847,1,1,2.3112
David,M,66417,1966,3.724,2,2,1.9176
James,M,65163,1966,3.6537,3,3,1.8834
John,M,65015,1966,3.6454,4,4,1.8788
Robert,M,59309,1966,3.3255,5,5,1.7136
Lisa,F,56918,1966,3.3636,1,6,1.642
Kimberly,F,32231,1966,1.9047,2,10,0.9307
Mary,F,28889,1966,1.7072,3,14,0.8343
Michelle,F,27159,1966,1.605,4,18,0.7841
Karen,F,25449,1966,1.5039,5,22,0.734
Michael,F,346,1966,0.0204,509,1,2.3112
James,F,298,1966,0.0176,548,3,1.8834
John,F,284,1966,0.0168,565,4,1.8788
Robert,F,251,1966,0.0148,597,5,1.7136
David,F,231,1966,0.0137,629,2,1.9176
Michael,M,82412,1967,4.7258,1,1,2.4385
David,M,66802,1967,3.8307,2,2,1.976
James,M,61688,1967,3.5374,3,3,1.8262
John,M,61603,1967,3.5325,4,4,1.8231
Robert,M,56371,1967,3.2325,5,5,1.6679
Lisa,F,52436,1967,3.176,1,6,1.5481
Kimberly,F,33096,1967,2.0046,2,10,0.9783
Michelle,F,30826,1967,1.8671,3,11,0.9113
Mary,F,25318,1967,1.5335,4,20,0.7495
Susan,F,22262,1967,1.3484,5,23,0.6576
Michael,F,373,1967,0.0226,496,1,2.4385
James,F,310,1967,0.0188,534,3,1.8262
John,F,289,1967,0.0175,554,4,1.8231
David,F,282,1967,0.0171,561,2,1.976
Robert,F,254,1967,0.0154,599,5,1.6679
Michael,M,81974,1968,4.7164,1,1,2.4403
David,M,63683,1968,3.6641,2,2,1.8928
John,M,60906,1968,3.5043,3,3,1.8118
James,M,60666,1968,3.4905,4,4,1.8049
Robert,M,58186,1968,3.3478,5,5,1.7301
Lisa,F,49533,1968,3.0196,1,6,1.4713
Michelle,F,33223,1968,2.0253,2,9,0.9872
Kimberly,F,31907,1968,1.9451,3,11,0.9477
Jennifer,F,26851,1968,1.6369,4,16,0.7967
Melissa,F,21731,1968,1.3248,5,25,0.645
Michael,F,471,1968,0.0287,440,1,2.4403
James,F,312,1968,0.019,548,4,1.8049
John,F,303,1968,0.0185,558,3,1.8118
David,F,265,1968,0.0162,590,2,1.8928
Robert,F,265,1968,0.0162,591,5,1.7301
Michael,M,85159,1969,4.762,1,1,2.4636
David,M,63675,1969,3.5606,2,2,1.8407
James,M,59894,1969,3.3492,3,3,1.7329
John,M,58737,1969,3.2845,4,4,1.6984
Robert,M,58303,1969,3.2602,5,5,1.6873
Lisa,F,45028,1969,2.6691,1,6,1.2999
Michelle,F,34319,1969,2.0343,2,9,0.9915
Jennifer,F,33704,1969,1.9978,3,10,0.9726
Kimberly,F,33076,1969,1.9606,4,12,0.9551
Melissa,F,23019,1969,1.3645,5,23,0.6643
Michael,F,458,1969,0.0271,449,1,2.4636
Robert,F,335,1969,0.0199,538,5,1.6873
James,F,329,1969,0.0195,545,3,1.7329
David,F,296,1969,0.0175,572,2,1.8407
John,F,288,1969,0.0171,584,4,1.6984
Michael,M,85271,1970,4.5885,1,1,2.377
James,M,61740,1970,3.3223,2,2,1.7217
David,M,61729,1970,3.3217,3,3,1.7196
John,M,58496,1970,3.1477,4,4,1.63
Robert,M,57179,1970,3.0769,5,5,1.5945
Jennifer,F,46150,1970,2.6399,1,6,1.2829
Lisa,F,38965,1970,2.2289,2,8,1.0842
Kimberly,F,34133,1970,1.9525,3,10,0.9496
Michelle,F,34046,1970,1.9475,4,11,0.9475
Amy,F,25213,1970,1.4423,5,22,0.7008
Michael,F,457,1970,0.0261,461,1,2.377
James,F,354,1970,0.0202,535,2,1.7217
Robert,F,327,1970,0.0187,562,5,1.5945
David,F,290,1970,0.0166,600,3,1.7196
John,F,290,1970,0.0166,601,4,1.63
Michael,M,77585,1971,4.387,1,1,2.2738
Jennifer,F,56771,1971,3.4121,1,2,1.6596
James,M,54603,1971,3.0875,2,3,1.5996
David,M,53118,1971,3.0035,3,4,1.5551
John,M,51508,1971,2.9125,4,5,1.5086
Robert,M,50635,1971,2.8631,5,6,1.4839
Michelle,F,33159,1971,1.9929,2,10,0.9704
Lisa,F,32910,1971,1.978,3,11,0.9626
Kimberly,F,30706,1971,1.8455,4,14,0.8976
Amy,F,26237,1971,1.5769,5,15,0.7666
Michael,F,459,1971,0.0276,448,1,2.2738
James,F,302,1971,0.0182,579,3,1.5996
John,F,272,1971,0.0163,621,5,1.5086
David,F,259,1971,0.0156,639,4,1.5551
Jennifer,M,194,1971,0.011,593,2,1.6596
Michael,M,71391,1972,4.4021,1,1,2.2858
Jennifer,F,63602,1972,4.1809,1,2,2.0297
Christopher,M,52173,1972,3.2171,2,3,1.6679
James,M,47064,1972,2.902,3,4,1.507
David,M,46326,1972,2.8565,4,5,1.4815
John,M,43162,1972,2.6614,5,6,1.3804
Michelle,F,29287,1972,1.9252,2,11,0.9361
Lisa,F,27543,1972,1.8106,3,12,0.8794
Kimberly,F,26281,1972,1.7276,4,13,0.8391
Amy,F,25872,1972,1.7007,5,14,0.8255
Michael,F,452,1972,0.0297,430,1,2.2858
James,F,300,1972,0.0197,556,4,1.507
Christopher,F,250,1972,0.0164,621,3,1.6679
David,F,237,1972,0.0156,643,5,1.4815
Jennifer,M,190,1972,0.0117,578,2,2.0297
Michael,M,67808,1973,4.3504,1,1,2.2626
Jennifer,F,62447,1973,4.2824,1,2,2.0772
Christopher,M,48309,1973,3.0994,2,3,1.6104
Jason,M,46678,1973,2.9947,3,4,1.5547
James,M,42838,1973,2.7484,4,5,1.4304
David,M,41085,1973,2.6359,5,6,1.3693
Amy,F,26964,1973,1.8491,2,12,0.8966
Michelle,F,26936,1973,1.8472,3,11,0.8967
Kimberly,F,23531,1973,1.6137,4,15,0.7832
Lisa,F,22673,1973,1.5548,5,16,0.7537
Michael,F,451,1973,0.0309,431,1,2.2626
James,F,316,1973,0.0217,532,5,1.4304
Christopher,F,275,1973,0.0189,578,3,1.6104
Jason,F,226,1973,0.0155,660,4,1.5547
Jennifer,M,220,1973,0.0141,530,2,2.0772
Michael,M,67535,1974,4.2949,1,1,2.2388
Jennifer,F,63106,1974,4.3001,1,2,2.0819
Jason,M,54751,1974,3.4819,2,3,1.8098
Christopher,M,48590,1974,3.0901,3,4,1.6078
David,M,41793,1974,2.6578,4,5,1.3825
James,M,41336,1974,2.6288,5,6,1.368
Amy,F,29564,1974,2.0145,2,10,0.9756
Michelle,F,25828,1974,1.7599,3,13,0.8532
Heather,F,23180,1974,1.5795,4,15,0.765
Angela,F,22803,1974,1.5538,5,16,0.753
Michael,F,525,1974,0.0358,392,1,2.2388
Christopher,F,288,1974,0.0196,563,4,1.6078
Jason,F,266,1974,0.0181,595,3,1.8098
David,F,234,1974,0.0159,649,5,1.3825
Jennifer,M,185,1974,0.0118,585,2,2.0819
Michael,M,68422,1975,4.3819,1,1,2.2845
Jennifer,F,58187,1975,3.9911,1,2,1.9346
Jason,M,52172,1975,3.3412,2,3,1.7379
Christopher,M,46577,1975,2.9829,3,4,1.5526
James,M,39574,1975,2.5344,4,5,1.3191
David,M,39155,1975,2.5076,5,6,1.3046
Amy,F,32253,1975,2.2123,2,9,1.0711
Heather,F,24302,1975,1.6669,3,13,0.807
Melissa,F,24167,1975,1.6576,4,14,0.8034
Angela,F,23360,1975,1.6023,5,16,0.7766
Michael,F,557,1975,0.0382,373,1,2.2845
Jason,F,303,1975,0.0208,559,3,1.7379
Christopher,F,302,1975,0.0207,560,4,1.5526
James,F,254,1975,0.0174,621,5,1.3191
Jennifer,M,225,1975,0.0144,535,2,1.9346
Michael,M,66917,1976,4.2645,1,1,2.2223
Jennifer,F,59472,1976,4.0591,1,2,1.9666
Jason,M,52650,1976,3.3553,2,3,1.7448
Christopher,M,45194,1976,2.8801,3,4,1.4985
David,M,39273,1976,2.5028,4,5,1.3018
James,M,38298,1976,2.4407,5,6,1.2705
Amy,F,31339,1976,2.139,2,9,1.0359
Melissa,F,25094,1976,1.7127,3,12,0.8299
Heather,F,24192,1976,1.6512,4,15,0.8
Angela,F,22039,1976,1.5042,5,17,0.7282
Michael,F,515,1976,0.0352,398,1,2.2223
Jason,F,292,1976,0.0199,568,3,1.7448
Christopher,F,276,1976,0.0188,589,4,1.4985
David,F,229,1976,0.0156,669,5,1.3018
Jennifer,M,200,1976,0.0127,573,2,1.9666
Michael,M,67588,1977,4.1129,1,1,2.1454
Jennifer,F,58964,1977,3.8459,1,2,1.8619
Jason,M,55636,1977,3.3856,2,3,1.7613
Christopher,M,46725,1977,2.8433,3,4,1.4797
David,M,40516,1977,2.4655,4,5,1.2834
James,M,40043,1977,2.4367,5,6,1.2692
Melissa,F,26880,1977,1.7532,2,11,0.8491
Amy,F,26730,1977,1.7434,3,12,0.8438
Jessica,F,24845,1977,1.6205,4,16,0.785
Heather,F,23773,1977,1.5506,5,17,0.7508
Michael,F,560,1977,0.0365,378,1,2.1454
Jason,F,313,1977,0.0204,562,3,1.7613
Christopher,F,278,1977,0.0181,608,4,1.4797
David,F,252,1977,0.0164,647,5,1.2834
Jennifer,M,179,1977,0.0109,631,2,1.8619
Michael,M,67133,1978,4.0885,1,1,2.1323
Jennifer,F,56318,1978,3.6764,1,2,1.7808
Jason,M,51604,1978,3.1428,2,3,1.6352
Christopher,M,47236,1978,2.8768,3,4,1.4977
David,M,40684,1978,2.4777,4,5,1.2896
James,M,39902,1978,2.4301,5,6,1.2657
Melissa,F,28327,1978,1.8492,2,11,0.8957
Jessica,F,26103,1978,1.704,3,14,0.8254
Amy,F,23214,1978,1.5154,4,17,0.7333
Heather,F,22270,1978,1.4538,5,18,0.7039
Michael,F,545,1978,0.0356,384,1,2.1323
Christopher,F,298,1978,0.0195,576,4,1.4977
Jason,F,295,1978,0.0193,582,3,1.6352
David,F,245,1978,0.016,655,5,1.2896
Jennifer,M,203,1978,0.0124,591,2,1.7808
Michael,M,67718,1979,3.9332,1,1,2.0521
Jennifer,F,56716,1979,3.533,1,2,1.7109
Christopher,M,50667,1979,2.9429,2,3,1.5323
Jason,M,50371,1979,2.9257,3,4,1.5231
David,M,42062,1979,2.4431,4,5,1.2728
James,M,39351,1979,2.2856,5,6,1.1906
Melissa,F,34050,1979,2.1211,2,10,1.0273
Amanda,F,31925,1979,1.9887,3,11,0.9629
Jessica,F,27782,1979,1.7306,4,16,0.8385
Amy,F,21609,1979,1.3461,5,19,0.6514
Michael,F,554,1979,0.0345,393,1,2.0521
Christopher,F,314,1979,0.0196,582,3,1.5323
Jason,F,303,1979,0.0189,594,4,1.5231
David,F,285,1979,0.0178,619,5,1.2728
Jennifer,M,205,1979,0.0119,597,2,1.7109
Michael,M,68687,1980,3.8499,1,1,2.01
Jennifer,F,58378,1980,3.5159,1,2,1.7009
Christopher,M,49082,1980,2.7511,2,3,1.434
Jason,M,48166,1980,2.6997,3,4,1.4073
David,M,41890,1980,2.3479,4,5,1.2246
James,M,39314,1980,2.2036,5,6,1.1492
Amanda,F,35811,1980,2.1568,2,9,1.0422
Jessica,F,33923,1980,2.0431,3,12,0.9885
Melissa,F,31634,1980,1.9052,4,13,0.9224
Sarah,F,25759,1980,1.5514,5,19,0.7503
Michael,F,546,1980,0.0329,409,1,2.01
Christopher,F,312,1980,0.0188,594,3,1.434
Jason,F,307,1980,0.0185,603,4,1.4073
David,F,291,1980,0.0175,627,5,1.2246
Jennifer,M,211,1980,0.0118,599,2,1.7009
Michael,M,68759,1981,3.8385,1,1,2.0017
Jennifer,F,57048,1981,3.42,1,2,1.6546
Christopher,M,50221,1981,2.8036,2,3,1.4602
Matthew,M,43328,1981,2.4188,3,4,1.2583
Jessica,F,42532,1981,2.5498,2,5,1.2342
Jason,M,41928,1981,2.3406,4,6,1.2189
David,M,40633,1981,2.2683,5,7,1.1811
Amanda,F,34373,1981,2.0607,3,12,0.9965
Sarah,F,28174,1981,1.689,4,15,0.8176
Melissa,F,28005,1981,1.6789,5,16,0.8123
Michael,F,487,1981,0.0292,441,1,2.0017
Christopher,F,292,1981,0.0175,623,3,1.4602
Matthew,F,201,1981,0.012,802,4,1.2583
Jennifer,M,192,1981,0.0107,615,2,1.6546
Jessica,M,165,1981,0.0092,674,5,1.2342
Michael,M,68228,1982,3.7599,1,1,1.9614
Christopher,M,59229,1982,3.264,2,2,1.7007
Jennifer,F,57118,1982,3.3731,1,3,1.6335
Matthew,M,46050,1982,2.5377,3,4,1.3205
Jessica,F,45449,1982,2.684,2,5,1.301
Jason,M,40634,1982,2.2393,4,6,1.1661
David,M,40456,1982,2.2294,5,7,1.1604
Amanda,F,34214,1982,2.0205,3,12,0.9784
Sarah,F,28488,1982,1.6824,4,16,0.8157
Melissa,F,25866,1982,1.5275,5,19,0.7405
Michael,F,576,1982,0.034,403,1,1.9614
Christopher,F,430,1982,0.0254,483,2,1.7007
Matthew,F,273,1982,0.0161,655,4,1.3205
Jessica,M,188,1982,0.0104,634,5,1.301
Jennifer,M,183,1982,0.0101,638,3,1.6335
Michael,M,67997,1983,3.793,1,1,1.98
Christopher,M,59329,1983,3.3095,2,2,1.7251
Jennifer,F,54355,1983,3.2535,1,3,1.5751
Matthew,M,50208,1983,2.8007,3,4,1.4589
Jessica,F,45284,1983,2.7106,2,5,1.3131
David,M,39206,1983,2.187,4,6,1.1413
Joshua,M,36688,1983,2.0465,5,7,1.066
Amanda,F,33750,1983,2.0202,3,12,0.9775
Ashley,F,33291,1983,1.9927,4,11,0.9784
Sarah,F,27230,1983,1.6299,5,18,0.7896
Michael,F,577,1983,0.0345,385,1,1.98
Christopher,F,418,1983,0.025,476,2,1.7251
Matthew,F,317,1983,0.019,570,4,1.4589
Jennifer,M,196,1983,0.0109,612,3,1.5751
Jessica,M,194,1983,0.0108,616,5,1.3131
Michael,M,67741,1984,3.7531,1,1,1.9563
Christopher,M,60019,1984,3.3253,2,2,1.7315
Jennifer,F,50563,1984,3.0029,1,3,1.4552
Matthew,M,49769,1984,2.7574,3,4,1.435
Jessica,F,45858,1984,2.7234,2,5,1.3196
Joshua,M,40266,1984,2.2309,4,6,1.1618
Ashley,F,38774,1984,2.3027,3,7,1.1269
David,M,38492,1984,2.1326,5,8,1.1101
Amanda,F,33913,1984,2.014,4,11,0.9752
Sarah,F,25889,1984,1.5375,5,19,0.7456
Michael,F,508,1984,0.0302,421,1,1.9563
Christopher,F,390,1984,0.0232,505,2,1.7315
Matthew,F,293,1984,0.0174,611,4,1.435
Jennifer,M,204,1984,0.0113,594,3,1.4552
Jessica,M,180,1984,0.01,641,5,1.3196
Michael,M,64936,1985,3.5133,1,1,1.8343
Christopher,M,59616,1985,3.2255,2,2,1.682
Jessica,F,48348,1985,2.8096,1,3,1.3611
Matthew,M,47079,1985,2.5472,3,5,1.3273
Ashley,F,47008,1985,2.7317,2,4,1.3311
Jennifer,F,42660,1985,2.479,3,6,1.1998
Joshua,M,42198,1985,2.2831,4,7,1.19
Amanda,F,39056,1985,2.2696,4,8,1.0983
Daniel,M,38564,1985,2.0865,5,9,1.0887
Sarah,F,24878,1985,1.4457,5,20,0.6999
Michael,F,531,1985,0.0309,419,1,1.8343
Ashley,M,501,1985,0.0271,368,4,1.3311
Christopher,F,415,1985,0.0241,492,2,1.682
Matthew,F,294,1985,0.0171,636,5,1.3273
Jessica,M,230,1985,0.0124,578,3,1.3611
Michael,M,64236,1986,3.4882,1,1,1.8225
Christopher,M,56697,1986,3.0788,2,2,1.6054
Jessica,F,52684,1986,3.071,1,3,1.4872
Ashley,F,49672,1986,2.8954,2,4,1.4082
Matthew,M,46924,1986,2.5481,3,5,1.3271
Amanda,F,40532,1986,2.3626,3,6,1.1431
Joshua,M,37541,1986,2.0386,4,7,1.064
David,M,37149,1986,2.0173,5,8,1.0521
Jennifer,F,36189,1986,2.1095,4,10,1.022
Sarah,F,28164,1986,1.6417,5,17,0.7951
Michael,F,590,1986,0.0344,392,1,1.8225
Ashley,M,420,1986,0.0228,417,4,1.4082
Christopher,F,409,1986,0.0238,509,2,1.6054
Matthew,F,281,1986,0.0164,660,5,1.3271
Jessica,M,217,1986,0.0118,605,3,1.4872
Michael,M,63663,1987,3.4099,1,1,1.7808
Jessica,F,55996,1987,3.2207,1,2,1.5598
Ashley,F,54853,1987,3.155,2,3,1.5327
Christopher,M,54494,1987,2.9188,2,4,1.5218
Matthew,M,46507,1987,2.491,3,5,1.2979
Amanda,F,41786,1987,2.4034,3,6,1.1623
Joshua,M,40004,1987,2.1427,4,7,1.117
David,M,36796,1987,1.9709,5,8,1.0275
Jennifer,F,32708,1987,1.8813,4,12,0.9103
Sarah,F,27895,1987,1.6044,5,18,0.7767
Michael,F,544,1987,0.0313,411,1,1.7808
Ashley,M,409,1987,0.0219,436,3,1.5327
Christopher,F,378,1987,0.0217,533,4,1.5218
Matthew,F,289,1987,0.0166,651,5,1.2979
Jessica,M,243,1987,0.013,582,2,1.5598
Michael,M,64168,1988,3.3522,1,1,1.7496
Christopher,M,53015,1988,2.7695,2,2,1.4443
Jessica,F,51557,1988,2.8951,1,3,1.4014
Ashley,F,49975,1988,2.8063,2,4,1.3607
Matthew,M,45875,1988,2.3965,3,5,1.2484
Joshua,M,42650,1988,2.2281,4,6,1.1623
Amanda,F,39459,1988,2.2158,3,7,1.0712
Andrew,M,35745,1988,1.8673,5,8,0.9731
Sarah,F,28374,1988,1.5933,4,16,0.7703
Jennifer,F,27893,1988,1.5663,5,18,0.758
Michael,F,480,1988,0.027,474,1,1.7496
Christopher,F,354,1988,0.0199,577,2,1.4443
Ashley,M,303,1988,0.0158,523,4,1.3607
Matthew,F,253,1988,0.0142,743,5,1.2484
Jessica,M,225,1988,0.0118,636,3,1.4014
Michael,M,65409,1989,3.269,1,1,1.7108
Christopher,M,53184,1989,2.658,2,2,1.3897
Jessica,F,47887,1989,2.5975,1,3,1.2522
Ashley,F,47588,1989,2.5813,2,4,1.2476
Matthew,M,45374,1989,2.2677,3,5,1.1847
Joshua,M,44099,1989,2.204,4,6,1.1525
Brittany,F,37791,1989,2.0499,3,7,0.9886
Amanda,F,36834,1989,1.998,4,8,0.9616
David,M,35223,1989,1.7604,5,9,0.9201
Sarah,F,27796,1989,1.5077,5,19,0.7268
Ashley,M,376,1989,0.0188,491,4,1.2476
Michael,F,363,1989,0.0197,595,1,1.7108
Jessica,M,252,1989,0.0126,626,3,1.2522
Christopher,F,242,1989,0.0131,788,2,1.3897
Matthew,F,173,1989,0.0094,1000,5,1.1847
Michael,M,65318,1990,3.1801,1,1,1.6596
Christopher,M,52359,1990,2.5492,2,2,1.3295
Jessica,F,46486,1990,2.4485,1,3,1.1797
Ashley,F,45560,1990,2.3998,2,4,1.1587
Matthew,M,44822,1990,2.1822,3,5,1.1372
Joshua,M,43233,1990,2.1049,4,6,1.098
Brittany,F,36537,1990,1.9245,3,7,0.9272
Amanda,F,34413,1990,1.8126,4,8,0.8731
Daniel,M,33831,1990,1.6471,5,9,0.8597
Samantha,F,25868,1990,1.3625,5,19,0.6559
Michael,F,277,1990,0.0146,751,1,1.6596
Ashley,M,239,1990,0.0116,652,4,1.1587
Christopher,F,188,1990,0.0099,981,2,1.3295
Jessica,M,140,1990,0.0068,867,3,1.1797
Matthew,F,125,1990,0.0066,1305,5,1.1372
Michael,M,60807,1991,3.0098,1,1,1.5679
Christopher,M,47110,1991,2.3318,2,2,1.2135
Ashley,F,43477,1991,2.3188,1,3,1.1208
Jessica,F,43395,1991,2.3144,2,4,1.1171
Matthew,M,41647,1991,2.0614,3,5,1.0718
Joshua,M,41226,1991,2.0406,4,6,1.062
Andrew,M,31541,1991,1.5612,5,7,0.8121
Brittany,F,29090,1991,1.5515,3,12,0.748
Amanda,F,28896,1991,1.5411,4,13,0.7433
Samantha,F,25648,1991,1.3679,5,21,0.6597
Michael,F,267,1991,0.0142,772,1,1.5679
Ashley,M,180,1991,0.0089,762,3,1.1208
Christopher,F,158,1991,0.0084,1122,2,1.2135
Jessica,M,120,1991,0.0059,977,4,1.1171
Matthew,F,102,1991,0.0054,1531,5,1.0718
Michael,M,54409,1992,2.724,1,1,1.4231
Christopher,M,42473,1992,2.1264,2,2,1.1091
Ashley,F,38461,1992,2.0858,1,3,1.0056
Jessica,F,38361,1992,2.0804,2,4,1.0013
Matthew,M,37733,1992,1.8891,3,5,0.9847
Joshua,M,36220,1992,1.8134,4,6,0.9461
Andrew,M,30538,1992,1.5289,5,7,0.7976
Amanda,F,25039,1992,1.3579,3,18,0.6532
Brittany,F,24983,1992,1.3549,4,19,0.6515
Sarah,F,24636,1992,1.3361,5,21,0.6427
Michael,F,258,1992,0.014,789,1,1.4231
Ashley,M,168,1992,0.0084,808,3,1.0056
Christopher,F,130,1992,0.0071,1301,2,1.1091
Jessica,M,103,1992,0.0052,1085,4,1.0013
Matthew,F,93,1992,0.005,1638,5,0.9847
Michael,M,49568,1993,2.5274,1,1,1.3206
Christopher,M,38236,1993,1.9496,2,2,1.0171
Matthew,M,35780,1993,1.8243,3,3,0.9509
Jessica,F,34993,1993,1.9344,1,4,0.9308
Ashley,F,34849,1993,1.9264,2,5,0.9279
Joshua,M,33589,1993,1.7126,4,6,0.8939
Tyler,M,29799,1993,1.5194,5,7,0.8217
Sarah,F,24256,1993,1.3408,3,20,0.6446
Samantha,F,23668,1993,1.3083,4,21,0.6287
Emily,F,23596,1993,1.3044,5,22,0.627
Michael,F,223,1993,0.0123,871,1,1.3206
Ashley,M,135,1993,0.0069,924,5,0.9279
Christopher,F,112,1993,0.0062,1438,2,1.0171
Jessica,M,100,1993,0.0051,1131,4,0.9308
Matthew,F,70,1993,0.0039,2002,3,0.9509
Michael,M,44475,1994,2.3021,1,1,1.2015
Christopher,M,34806,1994,1.8016,2,2,0.939
Matthew,M,33654,1994,1.742,3,3,0.9072
Jessica,F,32122,1994,1.7988,1,4,0.8669
Joshua,M,31375,1994,1.624,4,6,0.846
Tyler,M,30480,1994,1.5777,5,5,0.8482
Ashley,F,30283,1994,1.6958,2,7,0.8181
Emily,F,24153,1994,1.3526,3,20,0.6505
Samantha,F,22824,1994,1.2781,4,22,0.6148
Sarah,F,22298,1994,1.2487,5,23,0.601
Tyler,F,1054,1994,0.059,266,5,0.8482
Michael,F,192,1994,0.0108,970,1,1.2015
Jessica,M,105,1994,0.0054,1099,4,0.8669
Christopher,F,103,1994,0.0058,1512,2,0.939
Matthew,F,74,1994,0.0041,1922,3,0.9072
Michael,M,41410,1995,2.1753,1,1,1.1353
Matthew,M,32879,1995,1.7272,2,2,0.8995
Christopher,M,32677,1995,1.7166,3,3,0.8951
Jacob,M,31134,1995,1.6355,4,4,0.852
Joshua,M,30720,1995,1.6138,5,5,0.8405
Jessica,F,27939,1995,1.5888,1,8,0.7643
Ashley,F,26606,1995,1.513,2,11,0.7296
Emily,F,24383,1995,1.3866,3,16,0.6669
Samantha,F,21645,1995,1.2309,4,22,0.592
Sarah,F,21394,1995,1.2166,5,24,0.5851
Michael,F,167,1995,0.0095,1073,1,1.1353
Christopher,F,104,1995,0.0059,1510,3,0.8951
Jacob,F,66,1995,0.0038,2061,4,0.852
Matthew,F,63,1995,0.0036,2144,2,0.8995
Joshua,F,62,1995,0.0035,2169,5,0.8405
Michael,M,38373,1996,2.0258,1,1,1.0564
Matthew,M,32077,1996,1.6934,2,2,0.8814
Jacob,M,31924,1996,1.6853,3,3,0.8768
Christopher,M,30902,1996,1.6314,4,4,0.8493
Joshua,M,29174,1996,1.5401,5,5,0.802
Emily,F,25150,1996,1.4347,1,12,0.6905
Jessica,F,24200,1996,1.3805,2,14,0.6648
Ashley,F,23678,1996,1.3507,3,16,0.6522
Sarah,F,21044,1996,1.2005,4,22,0.5779
Samantha,F,20551,1996,1.1724,5,23,0.5644
Michael,F,157,1996,0.009,1162,1,1.0564
Joshua,F,75,1996,0.0043,1923,5,0.802
Christopher,F,74,1996,0.0042,1931,4,0.8493
Matthew,F,68,1996,0.0039,2051,2,0.8814
Jacob,F,53,1996,0.003,2431,3,0.8768
Michael,M,37557,1997,1.9923,1,1,1.0398
Jacob,M,34163,1997,1.8123,2,2,0.9439
Matthew,M,31518,1997,1.672,3,3,0.8706
Christopher,M,29106,1997,1.544,4,4,0.8044
Joshua,M,28288,1997,1.5006,5,5,0.7819
Emily,F,25735,1997,1.4785,1,7,0.7107
Jessica,F,21045,1997,1.209,2,19,0.5817
Ashley,F,20896,1997,1.2005,3,20,0.5789
Sarah,F,20716,1997,1.1901,4,22,0.5718
Hannah,F,20596,1997,1.1832,5,23,0.5685
Michael,F,142,1997,0.0082,1257,1,1.0398
Jacob,F,61,1997,0.0035,2242,2,0.9439
Joshua,F,61,1997,0.0035,2245,5,0.7819
Christopher,F,59,1997,0.0034,2290,4,0.8044
Matthew,F,48,1997,0.0028,2645,3,0.8706
Michael,M,36619,1998,1.9159,1,1,0.999
Jacob,M,36027,1998,1.8849,2,2,0.9811
Matthew,M,31145,1998,1.6295,3,3,0.8482
Joshua,M,28095,1998,1.4699,4,4,0.7652
Christopher,M,27007,1998,1.413,5,5,0.7357
Emily,F,26188,1998,1.4822,1,7,0.713
Hannah,F,21375,1998,1.2098,2,16,0.5817
Samantha,F,20194,1998,1.1429,3,22,0.5498
Sarah,F,19896,1998,1.126,4,24,0.5416
Ashley,F,19874,1998,1.1248,5,23,0.5424
Michael,F,128,1998,0.0072,1360,1,0.999
Jacob,F,60,1998,0.0034,2349,2,0.9811
Matthew,F,55,1998,0.0031,2519,3,0.8482
Christopher,F,54,1998,0.0031,2536,5,0.7357
Joshua,F,51,1998,0.0029,2673,4,0.7652
Jacob,M,35371,1999,1.8422,1,1,0.9593
Michael,M,33915,1999,1.7663,2,2,0.9215
Matthew,M,30418,1999,1.5842,3,3,0.8245
Joshua,M,27264,1999,1.4199,4,4,0.7398
Emily,F,26542,1999,1.4964,1,5,0.7198
Nicholas,M,25639,1999,1.3353,5,6,0.6952
Hannah,F,21679,1999,1.2222,2,12,0.5876
Alexis,F,19237,1999,1.0845,3,13,0.5867
Sarah,F,19117,1999,1.0778,4,23,0.5179
Samantha,F,19043,1999,1.0736,5,24,0.5165
Michael,F,123,1999,0.0069,1428,2,0.9215
Jacob,F,63,1999,0.0036,2354,1,0.9593
Joshua,F,62,1999,0.0035,2383,4,0.7398
Emily,M,45,1999,0.0023,2110,5,0.7198
Matthew,F,37,1999,0.0021,3415,3,0.8245
Jacob,M,34491,2000,1.7562,1,1,0.914
Michael,M,32043,2000,1.6316,2,2,0.8507
Matthew,M,28580,2000,1.4552,3,3,0.7573
Joshua,M,27542,2000,1.4024,4,4,0.7301
Emily,F,25959,2000,1.4295,1,5,0.6876
Christopher,M,24937,2000,1.2697,5,6,0.661
Hannah,F,23087,2000,1.2713,2,9,0.6114
Madison,F,19968,2000,1.0996,3,18,0.5319
Ashley,F,18000,2000,0.9912,4,22,0.4784
Sarah,F,17715,2000,0.9755,5,27,0.4694
Michael,F,114,2000,0.0063,1568,2,0.8507
Jacob,F,59,2000,0.0032,2551,1,0.914
Joshua,F,54,2000,0.003,2724,4,0.7301
Matthew,F,44,2000,0.0024,3148,3,0.7573
Emily,M,30,2000,0.0015,2939,5,0.6876
Jacob,M,32573,2001,1.6766,1,1,0.8712
Michael,M,29689,2001,1.5281,2,2,0.7957
Matthew,M,26812,2001,1.38,3,3,0.7176
Joshua,M,26024,2001,1.3395,4,4,0.6965
Emily,F,25059,2001,1.3917,1,5,0.6703
Christopher,M,23132,2001,1.1906,5,6,0.619
Madison,F,22166,2001,1.2311,2,9,0.5955
Hannah,F,20723,2001,1.1509,3,12,0.5542
Ashley,F,16531,2001,0.9181,4,27,0.4436
Alexis,F,16404,2001,0.9111,5,17,0.5122
Michael,F,96,2001,0.0053,1846,2,0.7957
Matthew,F,49,2001,0.0027,2948,3,0.7176
Joshua,F,48,2001,0.0027,2984,4,0.6965
Jacob,F,38,2001,0.0021,3510,1,0.8712
Emily,M,32,2001,0.0016,2885,5,0.6703
Jacob,M,30586,2002,1.5754,1,1,0.8193
Michael,M,28258,2002,1.4555,2,2,0.7584
Joshua,M,25997,2002,1.339,3,3,0.6967
Matthew,M,25154,2002,1.2956,4,4,0.6738
Emily,F,24469,2002,1.3618,1,5,0.6555
Ethan,M,22112,2002,1.1389,5,6,0.5925
Madison,F,21773,2002,1.2118,2,9,0.5852
Hannah,F,18827,2002,1.0478,3,15,0.5043
Emma,F,16557,2002,0.9215,4,25,0.4433
Alexis,F,15636,2002,0.8702,5,19,0.4819
Michael,F,95,2002,0.0053,1884,2,0.7584
Joshua,F,46,2002,0.0026,3116,3,0.6967
Jacob,F,41,2002,0.0023,3355,1,0.8193
Matthew,F,34,2002,0.0019,3857,4,0.6738
Emily,M,34,2002,0.0018,2774,5,0.6555
Jacob,M,29658,2003,1.5015,1,1,0.7812
Michael,M,27129,2003,1.3734,2,2,0.716
Emily,F,25693,2003,1.4063,1,3,0.6768
Joshua,M,25103,2003,1.2709,3,4,0.6614
Matthew,M,24010,2003,1.2155,4,5,0.6325
Emma,F,22719,2003,1.2435,2,6,0.5985
Andrew,M,22162,2003,1.122,5,7,0.5839
Madison,F,20201,2003,1.1057,3,12,0.5335
Hannah,F,17638,2003,0.9654,4,20,0.4645
Olivia,F,16154,2003,0.8842,5,25,0.4254
Michael,F,94,2003,0.0051,1944,2,0.716
Jacob,F,47,2003,0.0026,3150,1,0.7812
Joshua,F,45,2003,0.0025,3260,4,0.6614
Emily,M,41,2003,0.0021,2519,3,0.6768
Matthew,F,38,2003,0.0021,3706,5,0.6325
Jacob,M,27906,2004,1.406,1,1,0.7348
Michael,M,25470,2004,1.2833,2,2,0.6705
Emily,F,25041,2004,1.3638,1,3,0.6585
Joshua,M,24213,2004,1.2199,3,4,0.6368
Matthew,M,22882,2004,1.1529,4,5,0.6016
Ethan,M,22210,2004,1.119,5,6,0.5846
Emma,F,21620,2004,1.1775,2,8,0.5685
Madison,F,20628,2004,1.1235,3,10,0.5453
Olivia,F,16108,2004,0.8773,4,23,0.4235
Hannah,F,15613,2004,0.8503,5,24,0.4113
Jacob,F,171,2004,0.0093,1263,1,0.7348
Michael,F,148,2004,0.0081,1409,2,0.6705
Joshua,F,120,2004,0.0065,1623,4,0.6368
Emily,M,120,2004,0.006,1256,3,0.6585
Matthew,F,105,2004,0.0057,1816,5,0.6016
Jacob,M,25851,2005,1.2944,1,1,0.6734
Emily,F,23950,2005,1.2962,1,2,0.6238
Michael,M,23827,2005,1.1931,2,3,0.6213
Joshua,M,23261,2005,1.1647,3,4,0.6061
Matthew,M,21481,2005,1.0756,4,5,0.5596
Ethan,M,21318,2005,1.0674,5,6,0.5554
Emma,F,20359,2005,1.1019,2,8,0.5305
Madison,F,19578,2005,1.0596,3,10,0.5113
Abigail,F,15756,2005,0.8527,4,22,0.4101
Olivia,F,15699,2005,0.8497,5,23,0.4089
Michael,F,61,2005,0.0033,2748,3,0.6213
Joshua,F,43,2005,0.0023,3478,4,0.6061
Jacob,F,40,2005,0.0022,3669,1,0.6734
Matthew,F,33,2005,0.0018,4236,5,0.5596
Emily,M,33,2005,0.0017,3108,2,0.6238
Jacob,M,24867,2006,1.21,1,1,0.6295
Michael,M,22651,2006,1.1022,2,2,0.5742
Joshua,M,22334,2006,1.0867,3,3,0.5653
Emily,F,21411,2006,1.1263,1,4,0.542
Ethan,M,20522,2006,0.9986,4,5,0.5194
Matthew,M,20339,2006,0.9897,5,6,0.5147
Emma,F,19128,2006,1.0062,2,11,0.4841
Madison,F,18635,2006,0.9802,3,13,0.4727
Isabella,F,18231,2006,0.959,4,16,0.4613
Ava,F,16941,2006,0.8911,5,19,0.4288
Michael,F,64,2006,0.0034,2770,2,0.5742
Jacob,F,37,2006,0.0019,4030,1,0.6295
Joshua,F,31,2006,0.0016,4626,3,0.5653
Emily,M,31,2006,0.0015,3405,4,0.542
Ethan,F,26,2006,0.0014,5285,5,0.5194
Jacob,M,24308,2007,1.1713,1,1,0.6089
Michael,M,22024,2007,1.0613,2,2,0.5522
Ethan,M,21039,2007,1.0138,3,3,0.5267
Joshua,M,20667,2007,0.9959,4,4,0.518
Daniel,M,20264,2007,0.9765,5,5,0.5076
Emily,F,19366,2007,1.0074,1,8,0.4851
Isabella,F,19143,2007,0.9958,2,9,0.4794
Emma,F,18388,2007,0.9565,3,13,0.4605
Ava,F,18053,2007,0.9391,4,15,0.4519
Madison,F,17968,2007,0.9346,5,16,0.4512
Michael,F,51,2007,0.0027,3314,2,0.5522
Joshua,F,39,2007,0.002,4013,4,0.518
Jacob,F,34,2007,0.0018,4409,1,0.6089
Daniel,F,30,2007,0.0016,4846,5,0.5076
Ethan,F,17,2007,0.0009,7495,3,0.5267
Jacob,M,22622,2008,1.109,1,1,0.5763
Michael,M,20651,2008,1.0123,2,2,0.5268
Ethan,M,20221,2008,0.9913,3,3,0.5154
Joshua,M,19228,2008,0.9426,4,4,0.4898
Daniel,M,19030,2008,0.9329,5,5,0.4854
Emma,F,18826,2008,0.9957,1,7,0.4793
Isabella,F,18628,2008,0.9852,2,9,0.4746
Emily,F,17445,2008,0.9227,3,14,0.4445
Olivia,F,17087,2008,0.9037,4,15,0.4355
Ava,F,17050,2008,0.9018,5,17,0.4342
Michael,F,55,2008,0.0029,3110,2,0.5268
Daniel,F,50,2008,0.0026,3335,5,0.4854
Ethan,F,36,2008,0.0019,4299,3,0.5154
Jacob,F,29,2008,0.0015,5067,1,0.5763
Joshua,F,25,2008,0.0013,5645,4,0.4898
Isabella,F,22319,2009,1.2151,1,1,0.5849
Jacob,M,21202,2009,1.069,1,2,0.5557
Ethan,M,19855,2009,1.0011,2,3,0.5204
Michael,M,18960,2009,0.956,3,5,0.4975
Alexander,M,18253,2009,0.9203,4,6,0.4787
William,M,17935,2009,0.9043,5,7,0.4699
Emma,F,17910,2009,0.975,2,8,0.4694
Olivia,F,17443,2009,0.9496,3,11,0.4571
Jayden,M,17313,2009,0.8729,8,4,0.4995
Sophia,F,16951,2009,0.9228,4,13,0.444
Ava,F,15877,2009,0.8644,5,18,0.4162
Jayden,F,1767,2009,0.0962,187,4,0.4995
Michael,F,45,2009,0.0024,3601,5,0.4975
Jacob,F,27,2009,0.0015,5279,2,0.5557
Isabella,M,27,2009,0.0014,3858,1,0.5849
Ethan,F,24,2009,0.0013,5766,3,0.5204
Isabella,F,22935,2010,1.2904,1,1,0.6214
Jacob,M,22154,2010,1.1548,1,2,0.6002
Sophia,F,20655,2010,1.1621,2,3,0.5596
Ethan,M,18017,2010,0.9392,2,5,0.488
Michael,M,17381,2010,0.906,3,6,0.4713
Emma,F,17364,2010,0.977,3,7,0.4703
Jayden,M,17200,2010,0.8966,4,4,0.505
William,M,17071,2010,0.8899,5,8,0.4625
Olivia,F,17037,2010,0.9586,4,9,0.4617
Ava,F,15442,2010,0.8688,5,16,0.4183
Jayden,F,1463,2010,0.0823,212,4,0.505
Isabella,M,30,2010,0.0016,3570,1,0.6214
Jacob,F,29,2010,0.0016,4900,2,0.6002
Sophia,M,26,2010,0.0014,3974,3,0.5596
Ethan,F,19,2010,0.0011,6730,5,0.488
Sophia,F,21861,2011,1.2429,1,1,0.5983
Jacob,M,20401,2011,1.0743,1,2,0.5584
Isabella,F,19930,2011,1.1332,2,3,0.5456
Mason,M,19528,2011,1.0283,2,4,0.5363
Emma,F,18822,2011,1.0702,3,5,0.5155
William,M,17359,2011,0.9141,3,7,0.4753
Olivia,F,17334,2011,0.9856,4,8,0.4744
Jayden,M,17017,2011,0.8961,4,6,0.4946
Noah,M,16881,2011,0.8889,5,9,0.4637
Ava,F,15514,2011,0.8821,5,14,0.4246
Mason,F,89,2011,0.0051,2152,4,0.5363
Emma,M,33,2011,0.0017,3325,5,0.5155
Isabella,M,26,2011,0.0014,3932,3,0.5456
Jacob,F,23,2011,0.0013,5813,2,0.5584
Sophia,M,23,2011,0.0012,4334,1,0.5983
Sophia,F,22335,2012,1.2685,1,1,0.6112
Emma,F,20972,2012,1.1911,2,2,0.574
Isabella,F,19134,2012,1.0867,3,3,0.5237
Jacob,M,19104,2012,1.0073,1,4,0.5231
Mason,M,18993,2012,1.0014,2,5,0.5216
Ethan,M,17694,2012,0.9329,3,6,0.4844
Noah,M,17378,2012,0.9163,4,7,0.4773
Olivia,F,17332,2012,0.9844,4,8,0.4744
William,M,16914,2012,0.8918,5,10,0.463
Ava,F,15548,2012,0.883,5,13,0.4257
Mason,F,83,2012,0.0047,2280,5,0.5216
Jacob,F,26,2012,0.0015,5308,4,0.5231
Emma,M,20,2012,0.0011,4747,2,0.574
Isabella,M,18,2012,0.0009,5114,3,0.5237
Sophia,M,18,2012,0.0009,5215,1,0.6112
Sophia,F,21253,2013,1.2114,1,1,0.5837
Emma,F,20966,2013,1.195,2,2,0.5756
Olivia,F,18453,2013,1.0518,3,3,0.5068
Noah,M,18287,2013,0.9669,1,4,0.5038
Jacob,M,18196,2013,0.9621,2,5,0.4997
Liam,M,18153,2013,0.9598,3,6,0.4985
Mason,M,17727,2013,0.9373,4,7,0.4883
Isabella,F,17679,2013,1.0077,4,8,0.4854
William,M,16665,2013,0.8812,5,9,0.4575
Ava,F,15271,2013,0.8704,5,13,0.4193
Noah,F,80,2013,0.0046,2322,4,0.5038
Sophia,M,26,2013,0.0014,3946,1,0.5837
Olivia,M,24,2013,0.0013,4145,3,0.5068
Jacob,F,23,2013,0.0013,5721,5,0.4997
Emma,M,18,2013,0.001,5033,2,0.5756
Emma,F,20962,2014,1.1737,1,1,0.5659
Olivia,F,19836,2014,1.1107,2,2,0.5358
Noah,M,19338,2014,1.007,1,3,0.5246
Sophia,F,18642,2014,1.0438,3,4,0.5035
Liam,M,18484,2014,0.9625,2,5,0.4996
Mason,M,17221,2014,0.8967,3,6,0.4667
Isabella,F,17133,2014,0.9593,4,7,0.4629
Jacob,M,16916,2014,0.8808,4,8,0.4568
William,M,16847,2014,0.8772,5,9,0.4552
Ava,F,15725,2014,0.8805,5,11,0.4247
Noah,F,107,2014,0.006,1886,3,0.5246
Liam,F,32,2014,0.0018,4512,5,0.4996
Olivia,M,23,2014,0.0012,4355,2,0.5358
Sophia,M,19,2014,0.001,5034,4,0.5035
Emma,M,12,2014,0.0006,6757,1,0.5659
Emma,F,20485,2015,1.1478,1,1,0.5538
Olivia,F,19726,2015,1.1053,2,3,0.5332
Noah,M,19678,2015,1.0269,1,2,0.5354
Liam,M,18407,2015,0.9606,2,4,0.4979
Sophia,F,17451,2015,0.9778,3,5,0.4719
Mason,M,16667,2015,0.8698,3,6,0.4528
Ava,F,16410,2015,0.9195,4,7,0.4439
Jacob,M,15999,2015,0.8349,4,8,0.4329
William,M,15945,2015,0.8321,5,9,0.4312
Isabella,F,15661,2015,0.8775,5,10,0.4237
Noah,F,137,2015,0.0077,1590,2,0.5354
Liam,F,21,2015,0.0012,6151,4,0.4979
Sophia,M,14,2015,0.0007,6263,5,0.4719
Emma,M,10,2015,0.0005,7652,1,0.5538
Olivia,M,9,2015,0.0005,8527,3,0.5332
Emma,F,19548,2016,1.1035,1,1,0.5333
Olivia,F,19409,2016,1.0956,2,2,0.5295
Noah,M,19187,2016,1.0113,1,3,0.5266
Liam,M,18272,2016,0.9631,2,4,0.4986
Ava,F,16347,2016,0.9228,3,5,0.4459
Sophia,F,16182,2016,0.9135,4,6,0.4416
William,M,15808,2016,0.8332,3,7,0.4314
Mason,M,15286,2016,0.8057,4,8,0.4191
James,M,14916,2016,0.7862,5,9,0.4084
Isabella,F,14861,2016,0.8389,5,10,0.4054
Noah,F,134,2016,0.0076,1634,3,0.5266
Liam,F,19,2016,0.0011,6571,4,0.4986
Emma,M,18,2016,0.0009,5189,1,0.5333
Olivia,M,16,2016,0.0008,5716,2,0.5295
Ava,M,11,2016,0.0006,7188,5,0.4459
Emma,F,19870,2017,1.1513,1,1,0.556
Liam,M,18865,2017,1.0196,1,2,0.5286
Olivia,F,18777,2017,1.088,2,3,0.5254
Noah,M,18502,2017,0.9999,2,4,0.5223
Ava,F,16015,2017,0.9279,3,5,0.4482
Isabella,F,15254,2017,0.8838,4,6,0.4269
William,M,15042,2017,0.8129,3,8,0.4211
Sophia,F,14936,2017,0.8654,5,9,0.4182
James,M,14357,2017,0.7759,4,10,0.4036
Logan,M,14057,2017,0.7597,5,7,0.424
Noah,F,176,2017,0.0102,1329,4,0.5223
Liam,F,38,2017,0.0022,3960,2,0.5286
Emma,M,14,2017,0.0008,6129,1,0.556
Ava,M,13,2017,0.0007,6358,5,0.4482
Olivia,M,12,2017,0.0006,6990,3,0.5254
Liam,M,19974,2018,1.1002,1,1,0.5688
Emma,F,18818,2018,1.1067,1,2,0.5355
Noah,M,18429,2018,1.0151,2,3,0.5291
Olivia,F,18055,2018,1.0618,2,4,0.5138
Ava,F,15028,2018,0.8838,3,5,0.4277
William,M,14645,2018,0.8067,3,6,0.4169
Isabella,F,14568,2018,0.8567,4,7,0.4148
Sophia,F,14004,2018,0.8236,5,8,0.3988
James,M,13642,2018,0.7514,4,9,0.3893
Oliver,M,13499,2018,0.7436,5,11,0.3845
Noah,F,175,2018,0.0103,1308,3,0.5291
Liam,F,24,2018,0.0014,5397,1,0.5688
Ava,M,10,2018,0.0006,7669,5,0.4277
Emma,M,9,2018,0.0005,8357,2,0.5355
Olivia,M,9,2018,0.0005,8636,4,0.5138
Liam,M,20622,2019,1.1499,1,1,0.595
Noah,M,19172,2019,1.0691,2,2,0.5587
Olivia,F,18569,2019,1.1069,1,3,0.5353
Emma,F,17221,2019,1.0265,2,4,0.4965
Ava,F,14544,2019,0.867,3,5,0.419
Oliver,M,13964,2019,0.7786,3,6,0.4029
Sophia,F,13813,2019,0.8234,4,7,0.3984
William,M,13649,2019,0.7611,4,8,0.3936
Elijah,M,13428,2019,0.7488,5,9,0.3875
Isabella,F,13404,2019,0.799,5,10,0.3866
Noah,F,219,2019,0.0131,1115,2,0.5587
Liam,F,30,2019,0.0018,4611,1,0.595
Olivia,M,12,2019,0.0007,7063,3,0.5353
Emma,M,11,2019,0.0006,7304,4,0.4965
Liam,M,19858,2020,1.1511,1,1,0.5954
Noah,M,18451,2020,1.0696,2,2,0.5615
Olivia,F,17682,2020,1.0945,1,3,0.5297
Emma,F,15714,2020,0.9727,2,4,0.471
Oliver,M,14275,2020,0.8275,3,5,0.428
Elijah,M,13224,2020,0.7666,4,6,0.3968
Ava,F,13197,2020,0.8169,3,7,0.3954
Charlotte,F,13097,2020,0.8107,4,9,0.3923
Sophia,F,13095,2020,0.8106,5,8,0.3923
William,M,12673,2020,0.7346,5,11,0.3798
Noah,F,308,2020,0.0191,874,2,0.5615
Liam,F,33,2020,0.002,4229,1,0.5954
Oliver,F,23,2020,0.0014,5448,5,0.428
Emma,M,19,2020,0.0011,4906,4,0.471
Olivia,M,13,2020,0.0008,6533,3,0.5297
Liam,M,20407,2021,1.1673,1,1,0.6032
Noah,M,18906,2021,1.0814,2,2,0.5704
Olivia,F,17841,2021,1.0881,1,3,0.5269
Emma,F,15543,2021,0.9479,2,4,0.4592
Oliver,M,14707,2021,0.8412,3,5,0.4349
Charlotte,F,13362,2021,0.8149,3,6,0.3948
Amelia,F,13032,2021,0.7948,4,7,0.3849
Ava,F,12867,2021,0.7847,5,8,0.38
Elijah,M,12825,2021,0.7336,4,9,0.3794
James,M,12464,2021,0.7129,5,11,0.3699
Noah,F,418,2021,0.0255,691,2,0.5704
Liam,F,30,2021,0.0018,4566,1,0.6032
Oliver,F,26,2021,0.0016,5059,5,0.4349
Emma,M,14,2021,0.0008,6114,4,0.4592
Olivia,M,9,2021,0.0005,8648,3,0.5269
Liam,M,20563,2022,1.1788,1,1,0.6086
Noah,M,18735,2022,1.074,2,2,0.5679
Olivia,F,16654,2022,1.0163,1,3,0.4927
Oliver,M,15161,2022,0.8691,3,4,0.449
Emma,F,14498,2022,0.8847,2,5,0.429
Charlotte,F,12944,2022,0.7899,3,6,0.3829
Amelia,F,12409,2022,0.7572,4,7,0.3672
Sophia,F,12375,2022,0.7551,5,8,0.3661
James,M,12109,2022,0.6942,4,9,0.3604
Elijah,M,12075,2022,0.6922,5,10,0.3579
Noah,F,479,2022,0.0292,618,2,0.5679
Oliver,F,28,2022,0.0017,4871,4,0.449
Liam,F,26,2022,0.0016,5103,1,0.6086
Olivia,M,16,2022,0.0009,5798,3,0.4927
Emma,M,15,2022,0.0009,5945,5,0.429
Liam,M,20886,2023,1.2224,1,1,0.6317
Noah,M,19088,2023,1.1172,2,2,0.5903
Olivia,F,15313,2023,0.9555,1,3,0.4626
Oliver,M,14782,2023,0.8652,3,4,0.4473
Emma,F,13579,2023,0.8473,2,5,0.4106
Charlotte,F,12628,2023,0.7879,3,6,0.3818
Amelia,F,12352,2023,0.7707,4,7,0.3732
Sophia,F,11984,2023,0.7478,5,8,0.3622
James,M,11727,2023,0.6864,4,9,0.3565
Elijah,M,11503,2023,0.6733,5,10,0.348
Noah,F,457,2023,0.0285,642,2,0.5903
Liam,F,30,2023,0.0019,4615,1,0.6317
Oliver,F,28,2023,0.0017,4837,4,0.4473
Emma,M,17,2023,0.001,5517,5,0.4106
Olivia,M,6,2023,0.0004,11865,3,0.4626
Liam,M,22164,2024,1.2921,1,1,0.6669
Noah,M,20337,2024,1.1856,2,2,0.6272
Oliver,M,15343,2024,0.8945,3,3,0.4617
Olivia,F,14718,2024,0.9124,1,4,0.4427
Emma,F,13485,2024,0.8359,2,5,0.4056
Amelia,F,12740,2024,0.7897,3,6,0.383
Charlotte,F,12552,2024,0.7781,4,7,0.3775
Mia,F,12113,2024,0.7509,5,8,0.3645
Theodore,M,12011,2024,0.7002,4,10,0.3612
James,M,11793,2024,0.6875,5,11,0.3563
Noah,F,539,2024,0.0334,561,2,0.6272
Liam,F,34,2024,0.0021,4239,1,0.6669
Oliver,F,25,2024,0.0015,5241,3,0.4617
Emma,M,16,2024,0.0009,5710,5,0.4056
Olivia,M,16,2024,0.0009,5811,4,0.4427
